id,start_ts,end_ts,app_name,window_title,interaction_rate,interaction_count,audio_label,intent_label,intent_confidence,timestamp,ocr_keywords,attention_score
1,2025-10-02 04:22:18,2025-10-02 04:22:18,Visual Studio Code,test_audio.py - FKT - Visual Studio Code,0.0,0,silence,idle,0.7,2025-10-02 04:22:18,[],0.0
2,2025-10-02 04:22:20,2025-10-02 04:22:20,Visual Studio Code,test_audio.py - FKT - Visual Studio Code,0.0,0,silence,idle,0.7,2025-10-02 04:22:20,[],0.0
3,N/A,N/A,N/A,Multi-Modal Data Logging - Google Chrome,2.0,N/A,unknown,passive,0.6,2025-10-02 04:22:28,[],0.0
4,2025-10-02 04:22:30,2025-10-02 04:22:30,Visual Studio Code,test_audio.py - FKT - Visual Studio Code,13.0,0,unknown,passive,0.6,2025-10-02 04:22:30,[],0.0
5,N/A,N/A,N/A,FKT,3.0,N/A,unknown,passive,0.6,2025-10-02 04:22:36,"[""wh onedrive"", ""onedrive wh"", ""onedrive"", ""javadump onedrive"", ""onedrive personal""]",0.0
6,N/A,N/A,N/A,Downloads,6.0,N/A,unknown,passive,0.6,2025-10-02 04:22:43,"[""wh onedrive"", ""onedrive wh"", ""onedrive"", ""javadump onedrive"", ""onedrive personal""]",0.0
7,2025-10-02 04:22:45,2025-10-02 04:22:45,Program Manager,Program Manager,6.0,0,unknown,passive,0.6,2025-10-02 04:22:45,"[""wh onedrive"", ""onedrive wh"", ""onedrive"", ""javadump onedrive"", ""onedrive personal""]",0.0
8,2025-10-02 04:22:47,2025-10-02 04:22:47,Google Chrome,Multi-Modal Data Logging - Google Chrome,1.0,0,unknown,idle,0.7,2025-10-02 04:22:47,"[""wh onedrive"", ""onedrive wh"", ""onedrive"", ""javadump onedrive"", ""onedrive personal""]",0.0
9,N/A,N/A,N/A,Test Window,b'\x01\x00\x00\x00\x00\x00\x00\x00',N/A,speech,studying,0.85,2025-10-02 04:00:00,"[""photosynthesis"", ""chlorophyll""]",b'\x02\x00\x00\x00\x00\x00\x00\x00'
10,N/A,N/A,N/A,Test Window,1.0,N/A,speech,studying,0.85,2025-10-02 04:01:00,"[""photosynthesis"", ""chlorophyll""]",2.0
11,2025-10-02 05:00:07,2025-10-02 05:00:07,Visual Studio Code,tracker.py - FKT - Visual Studio Code,0.0,0,silence,1,0.625,2025-10-02 05:00:07,[],0.0
12,2025-10-02 05:00:09,2025-10-02 05:00:09,Visual Studio Code,tracker.py - FKT - Visual Studio Code,1.0,0,silence,1,0.625,2025-10-02 05:00:09,[],0.0
13,N/A,N/A,N/A,tracker.py - FKT - Visual Studio Code,3.0,N/A,silence,1,0.625,2025-10-02 05:00:21,[],0.0
14,2025-10-02 05:00:23,2025-10-02 05:00:23,JavaDump,JavaDump,19.0,0,silence,1,0.625,2025-10-02 05:00:23,[],0.0
15,2025-10-02 05:06:54,2025-10-02 05:06:54,Visual Studio Code,tracker.py - FKT - Visual Studio Code,0.0,0,silence,1,0.625,2025-10-02 05:06:54,[],0.0
16,2025-10-02 05:06:56,2025-10-02 05:06:56,Visual Studio Code,tracker.py - FKT - Visual Studio Code,0.0,0,silence,1,0.625,2025-10-02 05:06:56,[],0.0
17,2025-10-02 06:49:31,2025-10-02 06:49:31,Visual Studio Code,tracker.py - FKT - Visual Studio Code,0.0,0,silence,unknown,0.0,2025-10-02 06:49:31,{},0.0
18,2025-10-02 06:49:33,2025-10-02 06:49:33,Visual Studio Code,tracker.py - FKT - Visual Studio Code,0.0,0,silence,unknown,0.0,2025-10-02 06:49:33,{},0.0
19,N/A,N/A,N/A,tracker.py - FKT - Visual Studio Code,1.0,N/A,speech,unknown,0.0,2025-10-02 06:49:44,{},0.0
20,2025-10-02 06:49:46,2025-10-02 06:49:46,Google Chrome,Multi-Modal Data Logging - Google Chrome,4.0,0,speech,unknown,0.0,2025-10-02 06:49:46,{},0.0
21,N/A,N/A,N/A,Multi-Modal Data Logging - Google Chrome,0.0,N/A,speech,unknown,0.0,2025-10-02 06:49:52,"{""import"": {""score"": 0.9636, ""count"": 5}, ""biology"": {""score"": 0.6106, ""count"": 1}, ""audio"": {""score"": 0.6106, ""count"": 0}, ""clf"": {""score"": 0.6106, ""count"": 0}, ""path"": {""score"": 0.6106, ""count"": 0}, ""classifier"": {""score"": 0.5894, ""count"": 1}, ""pkl"": {""score"": 0.5811, ""count"": 0}, ""sounddevice"": {""score"": 0.5636, ""count"": 1}, ""core"": {""score"": 0.5461, ""count"": 0}, ""chats"": {""score"": 0.5045000000000001, ""count"": 2}, ""thegame"": {""score"": 0.4556, ""count"": 1}, ""python"": {""score"": 0.4556, ""count"": 1}, ""library"": {""score"": 0.4045, ""count"": 1}, ""thegamepi"": {""score"": 0.385, ""count"": 0}, ""chat"": {""score"": 0.3429, ""count"": 1}}",0.0
22,N/A,N/A,N/A,Multi-Modal Data Logging - Google Chrome,0.0,N/A,speech,unknown,0.0,2025-10-02 06:49:59,"{""import"": {""score"": 0.9636, ""count"": 5}, ""biology"": {""score"": 0.6106, ""count"": 1}, ""audio"": {""score"": 0.6106, ""count"": 0}, ""clf"": {""score"": 0.6106, ""count"": 0}, ""path"": {""score"": 0.6106, ""count"": 0}, ""classifier"": {""score"": 0.5894, ""count"": 1}, ""pkl"": {""score"": 0.5811, ""count"": 0}, ""sounddevice"": {""score"": 0.5636, ""count"": 1}, ""core"": {""score"": 0.5461, ""count"": 0}, ""chats"": {""score"": 0.5045000000000001, ""count"": 2}, ""thegame"": {""score"": 0.4556, ""count"": 1}, ""python"": {""score"": 0.4556, ""count"": 1}, ""library"": {""score"": 0.4045, ""count"": 1}, ""thegamepi"": {""score"": 0.385, ""count"": 0}, ""chat"": {""score"": 0.3429, ""count"": 1}}",0.0
23,2025-10-02 06:50:01,2025-10-02 06:50:01,Google Chrome,Multi-Modal Data Logging - Google Chrome,0.0,0,speech,unknown,0.0,2025-10-02 06:50:01,"{""import"": {""score"": 0.9636, ""count"": 5}, ""biology"": {""score"": 0.6106, ""count"": 1}, ""audio"": {""score"": 0.6106, ""count"": 0}, ""clf"": {""score"": 0.6106, ""count"": 0}, ""path"": {""score"": 0.6106, ""count"": 0}, ""classifier"": {""score"": 0.5894, ""count"": 1}, ""pkl"": {""score"": 0.5811, ""count"": 0}, ""sounddevice"": {""score"": 0.5636, ""count"": 1}, ""core"": {""score"": 0.5461, ""count"": 0}, ""chats"": {""score"": 0.5045000000000001, ""count"": 2}, ""thegame"": {""score"": 0.4556, ""count"": 1}, ""python"": {""score"": 0.4556, ""count"": 1}, ""library"": {""score"": 0.4045, ""count"": 1}, ""thegamepi"": {""score"": 0.385, ""count"": 0}, ""chat"": {""score"": 0.3429, ""count"": 1}}",0.0
24,2025-10-02 06:50:03,2025-10-02 06:50:03,Google Chrome,Multi-Modal Data Logging - Google Chrome,0.0,0,speech,unknown,0.0,2025-10-02 06:50:03,"{""import"": {""score"": 0.9636, ""count"": 5}, ""biology"": {""score"": 0.6106, ""count"": 1}, ""audio"": {""score"": 0.6106, ""count"": 0}, ""clf"": {""score"": 0.6106, ""count"": 0}, ""path"": {""score"": 0.6106, ""count"": 0}, ""classifier"": {""score"": 0.5894, ""count"": 1}, ""pkl"": {""score"": 0.5811, ""count"": 0}, ""sounddevice"": {""score"": 0.5636, ""count"": 1}, ""core"": {""score"": 0.5461, ""count"": 0}, ""chats"": {""score"": 0.5045000000000001, ""count"": 2}, ""thegame"": {""score"": 0.4556, ""count"": 1}, ""python"": {""score"": 0.4556, ""count"": 1}, ""library"": {""score"": 0.4045, ""count"": 1}, ""thegamepi"": {""score"": 0.385, ""count"": 0}, ""chat"": {""score"": 0.3429, ""count"": 1}}",0.0
25,N/A,N/A,N/A,Multi-Modal Data Logging - Google Chrome,0.0,N/A,speech,unknown,0.0,2025-10-02 06:50:10,"{""import"": {""score"": 0.9636, ""count"": 5}, ""biology"": {""score"": 0.6106, ""count"": 1}, ""audio"": {""score"": 0.6106, ""count"": 0}, ""clf"": {""score"": 0.6106, ""count"": 0}, ""path"": {""score"": 0.6106, ""count"": 0}, ""classifier"": {""score"": 0.5894, ""count"": 1}, ""pkl"": {""score"": 0.5811, ""count"": 0}, ""sounddevice"": {""score"": 0.5636, ""count"": 1}, ""core"": {""score"": 0.5461, ""count"": 0}, ""chats"": {""score"": 0.5045000000000001, ""count"": 2}, ""thegame"": {""score"": 0.4556, ""count"": 1}, ""python"": {""score"": 0.4556, ""count"": 1}, ""library"": {""score"": 0.4045, ""count"": 1}, ""thegamepi"": {""score"": 0.385, ""count"": 0}, ""chat"": {""score"": 0.3429, ""count"": 1}}",0.0
26,N/A,N/A,N/A,Multi-Modal Data Logging - Google Chrome,0.0,N/A,speech,unknown,0.0,2025-10-02 06:50:14,"{""import"": {""score"": 1.1472, ""count"": 5}, ""biology"": {""score"": 0.7833000000000001, ""count"": 1}, ""audio"": {""score"": 0.7833000000000001, ""count"": 0}, ""clf"": {""score"": 0.7833000000000001, ""count"": 0}, ""path"": {""score"": 0.7833000000000001, ""count"": 0}, ""chats"": {""score"": 0.7745, ""count"": 2}, ""classifier"": {""score"": 0.7575000000000001, ""count"": 1}, ""pkl"": {""score"": 0.7575000000000001, ""count"": 0}, ""sounddevice"": {""score"": 0.7472000000000001, ""count"": 1}, ""core"": {""score"": 0.7039, ""count"": 0}, ""library"": {""score"": 0.6745, ""count"": 1}, ""thegamepi"": {""score"": 0.6441, ""count"": 0}, ""thegame"": {""score"": 0.6399, ""count"": 1}, ""python"": {""score"": 0.6399, ""count"": 1}, ""chat"": {""score"": 0.6303000000000001, ""count"": 1}}",0.0
27,2025-10-02 06:50:17,2025-10-02 06:50:17,Google Chrome,Multi-Modal Data Logging - Google Chrome,0.0,0,speech,unknown,0.0,2025-10-02 06:50:17,"{""import"": {""score"": 1.1472, ""count"": 5}, ""biology"": {""score"": 0.7833000000000001, ""count"": 1}, ""audio"": {""score"": 0.7833000000000001, ""count"": 0}, ""clf"": {""score"": 0.7833000000000001, ""count"": 0}, ""path"": {""score"": 0.7833000000000001, ""count"": 0}, ""chats"": {""score"": 0.7745, ""count"": 2}, ""classifier"": {""score"": 0.7575000000000001, ""count"": 1}, ""pkl"": {""score"": 0.7575000000000001, ""count"": 0}, ""sounddevice"": {""score"": 0.7472000000000001, ""count"": 1}, ""core"": {""score"": 0.7039, ""count"": 0}, ""library"": {""score"": 0.6745, ""count"": 1}, ""thegamepi"": {""score"": 0.6441, ""count"": 0}, ""thegame"": {""score"": 0.6399, ""count"": 1}, ""python"": {""score"": 0.6399, ""count"": 1}, ""chat"": {""score"": 0.6303000000000001, ""count"": 1}}",0.0
28,N/A,N/A,N/A,Multi-Modal Data Logging - Google Chrome,0.0,N/A,speech,unknown,0.0,2025-10-02 06:50:24,"{""import"": {""score"": 1.1472, ""count"": 5}, ""biology"": {""score"": 0.7833000000000001, ""count"": 1}, ""audio"": {""score"": 0.7833000000000001, ""count"": 0}, ""clf"": {""score"": 0.7833000000000001, ""count"": 0}, ""path"": {""score"": 0.7833000000000001, ""count"": 0}, ""chats"": {""score"": 0.7745, ""count"": 2}, ""classifier"": {""score"": 0.7575000000000001, ""count"": 1}, ""pkl"": {""score"": 0.7575000000000001, ""count"": 0}, ""sounddevice"": {""score"": 0.7472000000000001, ""count"": 1}, ""core"": {""score"": 0.7039, ""count"": 0}, ""library"": {""score"": 0.6745, ""count"": 1}, ""thegamepi"": {""score"": 0.6441, ""count"": 0}, ""thegame"": {""score"": 0.6399, ""count"": 1}, ""python"": {""score"": 0.6399, ""count"": 1}, ""chat"": {""score"": 0.6303000000000001, ""count"": 1}}",0.0
29,2025-10-02 06:50:26,2025-10-02 06:50:26,Google Chrome,Multi-Modal Data Logging - Google Chrome,0.0,0,speech,unknown,0.0,2025-10-02 06:50:26,"{""import"": {""score"": 1.1472, ""count"": 5}, ""biology"": {""score"": 0.7833000000000001, ""count"": 1}, ""audio"": {""score"": 0.7833000000000001, ""count"": 0}, ""clf"": {""score"": 0.7833000000000001, ""count"": 0}, ""path"": {""score"": 0.7833000000000001, ""count"": 0}, ""chats"": {""score"": 0.7745, ""count"": 2}, ""classifier"": {""score"": 0.7575000000000001, ""count"": 1}, ""pkl"": {""score"": 0.7575000000000001, ""count"": 0}, ""sounddevice"": {""score"": 0.7472000000000001, ""count"": 1}, ""core"": {""score"": 0.7039, ""count"": 0}, ""library"": {""score"": 0.6745, ""count"": 1}, ""thegamepi"": {""score"": 0.6441, ""count"": 0}, ""thegame"": {""score"": 0.6399, ""count"": 1}, ""python"": {""score"": 0.6399, ""count"": 1}, ""chat"": {""score"": 0.6303000000000001, ""count"": 1}}",0.0
30,2025-10-02 06:50:28,2025-10-02 06:50:28,Google Chrome,Multi-Modal Data Logging - Google Chrome,0.0,0,speech,unknown,0.0,2025-10-02 06:50:28,"{""import"": {""score"": 1.1472, ""count"": 5}, ""biology"": {""score"": 0.7833000000000001, ""count"": 1}, ""audio"": {""score"": 0.7833000000000001, ""count"": 0}, ""clf"": {""score"": 0.7833000000000001, ""count"": 0}, ""path"": {""score"": 0.7833000000000001, ""count"": 0}, ""chats"": {""score"": 0.7745, ""count"": 2}, ""classifier"": {""score"": 0.7575000000000001, ""count"": 1}, ""pkl"": {""score"": 0.7575000000000001, ""count"": 0}, ""sounddevice"": {""score"": 0.7472000000000001, ""count"": 1}, ""core"": {""score"": 0.7039, ""count"": 0}, ""library"": {""score"": 0.6745, ""count"": 1}, ""thegamepi"": {""score"": 0.6441, ""count"": 0}, ""thegame"": {""score"": 0.6399, ""count"": 1}, ""python"": {""score"": 0.6399, ""count"": 1}, ""chat"": {""score"": 0.6303000000000001, ""count"": 1}}",0.0
31,2025-10-02 07:23:40,2025-10-02 07:23:40,Visual Studio Code,tracker.py - FKT - Visual Studio Code,0.0,0,silence,unknown,0.0,2025-10-02 07:23:40,{},0.0
32,2025-10-02 07:23:42,2025-10-02 07:23:42,Visual Studio Code,tracker.py - FKT - Visual Studio Code,0.0,0,silence,unknown,0.0,2025-10-02 07:23:42,{},0.0
33,N/A,N/A,N/A,tracker.py - FKT - Visual Studio Code,3.0,N/A,silence,unknown,0.0,2025-10-02 07:23:55,{},0.0
34,2025-10-02 07:23:57,2025-10-02 07:23:57,Visual Studio Code,tracker.py - FKT - Visual Studio Code,14.0,0,silence,unknown,0.0,2025-10-02 07:23:57,{},0.0
35,N/A,N/A,N/A,TestWindow,0.0,N/A,speech,passive,0.6446126699447632,2025-10-02 10:00:00,{},0.0
36,N/A,N/A,N/A,TestWindow,1.0,N/A,speech,passive,0.9459353685379028,2025-10-02 10:00:00,{},0.0
37,N/A,N/A,N/A,TestWindow,5.0,N/A,speech,passive,0.9952050447463989,2025-10-02 10:00:00,{},0.0
38,N/A,N/A,N/A,TestWindow,10.0,N/A,speech,passive,0.9946841597557068,2025-10-02 10:00:00,{},0.0
39,N/A,N/A,N/A,TestWindow,100.0,N/A,speech,passive,0.9827839136123657,2025-10-02 10:00:00,{},0.0
40,N/A,N/A,N/A,TestWindow,0.0,N/A,speech,passive,0.6446126699447632,2025-10-02 10:00:00,{},25.0
41,N/A,N/A,N/A,TestWindow,1.0,N/A,speech,passive,0.9459353685379028,2025-10-02 10:00:00,{},25.0
42,N/A,N/A,N/A,TestWindow,5.0,N/A,speech,passive,0.9952050447463989,2025-10-02 10:00:00,{},25.0
43,N/A,N/A,N/A,TestWindow,10.0,N/A,speech,passive,0.9946841597557068,2025-10-02 10:00:00,{},25.0
44,N/A,N/A,N/A,TestWindow,100.0,N/A,speech,passive,0.9827839136123657,2025-10-02 10:00:00,{},25.0
45,N/A,N/A,N/A,TestWindow,0.0,N/A,speech,passive,0.6446126699447632,2025-10-02 10:00:00,{},50.0
46,N/A,N/A,N/A,TestWindow,1.0,N/A,speech,passive,0.9459353685379028,2025-10-02 10:00:00,{},50.0
47,N/A,N/A,N/A,TestWindow,5.0,N/A,speech,passive,0.9952050447463989,2025-10-02 10:00:00,{},50.0
48,N/A,N/A,N/A,TestWindow,10.0,N/A,speech,passive,0.9946841597557068,2025-10-02 10:00:00,{},50.0
49,N/A,N/A,N/A,TestWindow,100.0,N/A,speech,passive,0.9827839136123657,2025-10-02 10:00:00,{},50.0
50,N/A,N/A,N/A,TestWindow,0.0,N/A,speech,passive,0.6446126699447632,2025-10-02 10:00:00,{},75.0
51,N/A,N/A,N/A,TestWindow,1.0,N/A,speech,passive,0.9459353685379028,2025-10-02 10:00:00,{},75.0
52,N/A,N/A,N/A,TestWindow,5.0,N/A,speech,passive,0.9952050447463989,2025-10-02 10:00:00,{},75.0
53,N/A,N/A,N/A,TestWindow,10.0,N/A,speech,passive,0.9946841597557068,2025-10-02 10:00:00,{},75.0
54,N/A,N/A,N/A,TestWindow,100.0,N/A,speech,passive,0.9827839136123657,2025-10-02 10:00:00,{},75.0
55,N/A,N/A,N/A,TestWindow,0.0,N/A,speech,passive,0.6446126699447632,2025-10-02 10:00:00,{},100.0
56,N/A,N/A,N/A,TestWindow,1.0,N/A,speech,passive,0.9459353685379028,2025-10-02 10:00:00,{},100.0
57,N/A,N/A,N/A,TestWindow,5.0,N/A,speech,passive,0.9952050447463989,2025-10-02 10:00:00,{},100.0
58,N/A,N/A,N/A,TestWindow,10.0,N/A,speech,passive,0.9946841597557068,2025-10-02 10:00:00,{},100.0
59,N/A,N/A,N/A,TestWindow,100.0,N/A,speech,passive,0.9827839136123657,2025-10-02 10:00:00,{},100.0
60,N/A,N/A,N/A,TestWindow,0.0,N/A,music,idle,0.9997078776359558,2025-10-02 10:00:00,{},0.0
61,N/A,N/A,N/A,TestWindow,1.0,N/A,music,idle,0.9988995790481567,2025-10-02 10:00:00,{},0.0
62,N/A,N/A,N/A,TestWindow,5.0,N/A,music,passive,0.9998767375946045,2025-10-02 10:00:00,{},0.0
63,N/A,N/A,N/A,TestWindow,10.0,N/A,music,passive,0.9998677968978882,2025-10-02 10:00:00,{},0.0
64,N/A,N/A,N/A,TestWindow,100.0,N/A,music,passive,0.9995666146278381,2025-10-02 10:00:00,{},0.0
65,N/A,N/A,N/A,TestWindow,0.0,N/A,music,idle,0.9997078776359558,2025-10-02 10:00:00,{},25.0
66,N/A,N/A,N/A,TestWindow,1.0,N/A,music,idle,0.9988995790481567,2025-10-02 10:00:00,{},25.0
67,N/A,N/A,N/A,TestWindow,5.0,N/A,music,passive,0.9998767375946045,2025-10-02 10:00:00,{},25.0
68,N/A,N/A,N/A,TestWindow,10.0,N/A,music,passive,0.9998677968978882,2025-10-02 10:00:00,{},25.0
69,N/A,N/A,N/A,TestWindow,100.0,N/A,music,passive,0.9995666146278381,2025-10-02 10:00:00,{},25.0
70,N/A,N/A,N/A,TestWindow,0.0,N/A,music,idle,0.9997078776359558,2025-10-02 10:00:00,{},50.0
71,N/A,N/A,N/A,TestWindow,1.0,N/A,music,idle,0.9988995790481567,2025-10-02 10:00:00,{},50.0
72,N/A,N/A,N/A,TestWindow,5.0,N/A,music,passive,0.9998767375946045,2025-10-02 10:00:00,{},50.0
73,N/A,N/A,N/A,TestWindow,10.0,N/A,music,passive,0.9998677968978882,2025-10-02 10:00:00,{},50.0
74,N/A,N/A,N/A,TestWindow,100.0,N/A,music,passive,0.9995666146278381,2025-10-02 10:00:00,{},50.0
75,N/A,N/A,N/A,TestWindow,0.0,N/A,music,idle,0.9997078776359558,2025-10-02 10:00:00,{},75.0
76,N/A,N/A,N/A,TestWindow,1.0,N/A,music,idle,0.9988995790481567,2025-10-02 10:00:00,{},75.0
77,N/A,N/A,N/A,TestWindow,5.0,N/A,music,passive,0.9998767375946045,2025-10-02 10:00:00,{},75.0
78,N/A,N/A,N/A,TestWindow,10.0,N/A,music,passive,0.9998677968978882,2025-10-02 10:00:00,{},75.0
79,N/A,N/A,N/A,TestWindow,100.0,N/A,music,passive,0.9995666146278381,2025-10-02 10:00:00,{},75.0
80,N/A,N/A,N/A,TestWindow,0.0,N/A,music,idle,0.9997078776359558,2025-10-02 10:00:00,{},100.0
81,N/A,N/A,N/A,TestWindow,1.0,N/A,music,idle,0.9988995790481567,2025-10-02 10:00:00,{},100.0
82,N/A,N/A,N/A,TestWindow,5.0,N/A,music,passive,0.9998767375946045,2025-10-02 10:00:00,{},100.0
83,N/A,N/A,N/A,TestWindow,10.0,N/A,music,passive,0.9998677968978882,2025-10-02 10:00:00,{},100.0
84,N/A,N/A,N/A,TestWindow,100.0,N/A,music,passive,0.9995666146278381,2025-10-02 10:00:00,{},100.0
85,N/A,N/A,N/A,TestWindow,0.0,N/A,silence,idle,0.9999731779098511,2025-10-02 10:00:00,{},0.0
86,N/A,N/A,N/A,TestWindow,1.0,N/A,silence,idle,0.9999655485153198,2025-10-02 10:00:00,{},0.0
87,N/A,N/A,N/A,TestWindow,5.0,N/A,silence,passive,0.999792754650116,2025-10-02 10:00:00,{},0.0
88,N/A,N/A,N/A,TestWindow,10.0,N/A,silence,passive,0.9997836947441101,2025-10-02 10:00:00,{},0.0
89,N/A,N/A,N/A,TestWindow,100.0,N/A,silence,passive,0.9992914199829102,2025-10-02 10:00:00,{},0.0
90,N/A,N/A,N/A,TestWindow,0.0,N/A,silence,idle,0.9999731779098511,2025-10-02 10:00:00,{},25.0
91,N/A,N/A,N/A,TestWindow,1.0,N/A,silence,idle,0.9999655485153198,2025-10-02 10:00:00,{},25.0
92,N/A,N/A,N/A,TestWindow,5.0,N/A,silence,passive,0.999792754650116,2025-10-02 10:00:00,{},25.0
93,N/A,N/A,N/A,TestWindow,10.0,N/A,silence,passive,0.9997836947441101,2025-10-02 10:00:00,{},25.0
94,N/A,N/A,N/A,TestWindow,100.0,N/A,silence,passive,0.9992914199829102,2025-10-02 10:00:00,{},25.0
95,N/A,N/A,N/A,TestWindow,0.0,N/A,silence,idle,0.9999731779098511,2025-10-02 10:00:00,{},50.0
96,N/A,N/A,N/A,TestWindow,1.0,N/A,silence,idle,0.9999655485153198,2025-10-02 10:00:00,{},50.0
97,N/A,N/A,N/A,TestWindow,5.0,N/A,silence,passive,0.999792754650116,2025-10-02 10:00:00,{},50.0
98,N/A,N/A,N/A,TestWindow,10.0,N/A,silence,passive,0.9997836947441101,2025-10-02 10:00:00,{},50.0
99,N/A,N/A,N/A,TestWindow,100.0,N/A,silence,passive,0.9992914199829102,2025-10-02 10:00:00,{},50.0
100,N/A,N/A,N/A,TestWindow,0.0,N/A,silence,idle,0.9999731779098511,2025-10-02 10:00:00,{},75.0
101,N/A,N/A,N/A,TestWindow,1.0,N/A,silence,idle,0.9999655485153198,2025-10-02 10:00:00,{},75.0
102,N/A,N/A,N/A,TestWindow,5.0,N/A,silence,passive,0.999792754650116,2025-10-02 10:00:00,{},75.0
103,N/A,N/A,N/A,TestWindow,10.0,N/A,silence,passive,0.9997836947441101,2025-10-02 10:00:00,{},75.0
104,N/A,N/A,N/A,TestWindow,100.0,N/A,silence,passive,0.9992914199829102,2025-10-02 10:00:00,{},75.0
105,N/A,N/A,N/A,TestWindow,0.0,N/A,silence,idle,0.9999731779098511,2025-10-02 10:00:00,{},100.0
106,N/A,N/A,N/A,TestWindow,1.0,N/A,silence,idle,0.9999655485153198,2025-10-02 10:00:00,{},100.0
107,N/A,N/A,N/A,TestWindow,5.0,N/A,silence,passive,0.999792754650116,2025-10-02 10:00:00,{},100.0
108,N/A,N/A,N/A,TestWindow,10.0,N/A,silence,passive,0.9997836947441101,2025-10-02 10:00:00,{},100.0
109,N/A,N/A,N/A,TestWindow,100.0,N/A,silence,passive,0.9992914199829102,2025-10-02 10:00:00,{},100.0
110,N/A,N/A,N/A,TestWindow,0.0,N/A,unknown,idle,0.9999731779098511,2025-10-02 10:00:00,{},0.0
111,N/A,N/A,N/A,TestWindow,1.0,N/A,unknown,idle,0.9999655485153198,2025-10-02 10:00:00,{},0.0
112,N/A,N/A,N/A,TestWindow,5.0,N/A,unknown,passive,0.999792754650116,2025-10-02 10:00:00,{},0.0
113,N/A,N/A,N/A,TestWindow,10.0,N/A,unknown,passive,0.9997836947441101,2025-10-02 10:00:00,{},0.0
114,N/A,N/A,N/A,TestWindow,100.0,N/A,unknown,passive,0.9992914199829102,2025-10-02 10:00:00,{},0.0
115,N/A,N/A,N/A,TestWindow,0.0,N/A,unknown,idle,0.9999731779098511,2025-10-02 10:00:00,{},25.0
116,N/A,N/A,N/A,TestWindow,1.0,N/A,unknown,idle,0.9999655485153198,2025-10-02 10:00:00,{},25.0
117,N/A,N/A,N/A,TestWindow,5.0,N/A,unknown,passive,0.999792754650116,2025-10-02 10:00:00,{},25.0
118,N/A,N/A,N/A,TestWindow,10.0,N/A,unknown,passive,0.9997836947441101,2025-10-02 10:00:00,{},25.0
119,N/A,N/A,N/A,TestWindow,100.0,N/A,unknown,passive,0.9992914199829102,2025-10-02 10:00:00,{},25.0
120,N/A,N/A,N/A,TestWindow,0.0,N/A,unknown,idle,0.9999731779098511,2025-10-02 10:00:00,{},50.0
121,N/A,N/A,N/A,TestWindow,1.0,N/A,unknown,idle,0.9999655485153198,2025-10-02 10:00:00,{},50.0
122,N/A,N/A,N/A,TestWindow,5.0,N/A,unknown,passive,0.999792754650116,2025-10-02 10:00:00,{},50.0
123,N/A,N/A,N/A,TestWindow,10.0,N/A,unknown,passive,0.9997836947441101,2025-10-02 10:00:00,{},50.0
124,N/A,N/A,N/A,TestWindow,100.0,N/A,unknown,passive,0.9992914199829102,2025-10-02 10:00:00,{},50.0
125,N/A,N/A,N/A,TestWindow,0.0,N/A,unknown,idle,0.9999731779098511,2025-10-02 10:00:00,{},75.0
126,N/A,N/A,N/A,TestWindow,1.0,N/A,unknown,idle,0.9999655485153198,2025-10-02 10:00:00,{},75.0
127,N/A,N/A,N/A,TestWindow,5.0,N/A,unknown,passive,0.999792754650116,2025-10-02 10:00:00,{},75.0
128,N/A,N/A,N/A,TestWindow,10.0,N/A,unknown,passive,0.9997836947441101,2025-10-02 10:00:00,{},75.0
129,N/A,N/A,N/A,TestWindow,100.0,N/A,unknown,passive,0.9992914199829102,2025-10-02 10:00:00,{},75.0
130,N/A,N/A,N/A,TestWindow,0.0,N/A,unknown,idle,0.9999731779098511,2025-10-02 10:00:00,{},100.0
131,N/A,N/A,N/A,TestWindow,1.0,N/A,unknown,idle,0.9999655485153198,2025-10-02 10:00:00,{},100.0
132,N/A,N/A,N/A,TestWindow,5.0,N/A,unknown,passive,0.999792754650116,2025-10-02 10:00:00,{},100.0
133,N/A,N/A,N/A,TestWindow,10.0,N/A,unknown,passive,0.9997836947441101,2025-10-02 10:00:00,{},100.0
134,N/A,N/A,N/A,TestWindow,100.0,N/A,unknown,passive,0.9992914199829102,2025-10-02 10:00:00,{},100.0
135,N/A,N/A,N/A,TestWindow,0.0,N/A,speech,passive,0.8423633575439453,2025-10-02 10:00:00,"{'kw': {'score': 0.5, 'count': 1}}",0.0
136,N/A,N/A,N/A,TestWindow,1.0,N/A,speech,passive,0.9809689521789551,2025-10-02 10:00:00,"{'kw': {'score': 0.5, 'count': 1}}",0.0
137,N/A,N/A,N/A,TestWindow,5.0,N/A,speech,passive,0.9574094414710999,2025-10-02 10:00:00,"{'kw': {'score': 0.5, 'count': 1}}",0.0
138,N/A,N/A,N/A,TestWindow,10.0,N/A,speech,passive,0.943703830242157,2025-10-02 10:00:00,"{'kw': {'score': 0.5, 'count': 1}}",0.0
139,N/A,N/A,N/A,TestWindow,100.0,N/A,speech,passive,0.836443305015564,2025-10-02 10:00:00,"{'kw': {'score': 0.5, 'count': 1}}",0.0
140,N/A,N/A,N/A,TestWindow,0.0,N/A,speech,passive,0.8423633575439453,2025-10-02 10:00:00,"{'kw': {'score': 0.5, 'count': 1}}",25.0
141,N/A,N/A,N/A,TestWindow,1.0,N/A,speech,passive,0.9809689521789551,2025-10-02 10:00:00,"{'kw': {'score': 0.5, 'count': 1}}",25.0
142,N/A,N/A,N/A,TestWindow,5.0,N/A,speech,passive,0.9574094414710999,2025-10-02 10:00:00,"{'kw': {'score': 0.5, 'count': 1}}",25.0
143,N/A,N/A,N/A,TestWindow,10.0,N/A,speech,passive,0.943703830242157,2025-10-02 10:00:00,"{'kw': {'score': 0.5, 'count': 1}}",25.0
144,N/A,N/A,N/A,TestWindow,100.0,N/A,speech,passive,0.836443305015564,2025-10-02 10:00:00,"{'kw': {'score': 0.5, 'count': 1}}",25.0
145,N/A,N/A,N/A,TestWindow,0.0,N/A,speech,passive,0.8423633575439453,2025-10-02 10:00:00,"{'kw': {'score': 0.5, 'count': 1}}",50.0
146,N/A,N/A,N/A,TestWindow,1.0,N/A,speech,passive,0.9809689521789551,2025-10-02 10:00:00,"{'kw': {'score': 0.5, 'count': 1}}",50.0
147,N/A,N/A,N/A,TestWindow,5.0,N/A,speech,passive,0.9574094414710999,2025-10-02 10:00:00,"{'kw': {'score': 0.5, 'count': 1}}",50.0
148,N/A,N/A,N/A,TestWindow,10.0,N/A,speech,passive,0.943703830242157,2025-10-02 10:00:00,"{'kw': {'score': 0.5, 'count': 1}}",50.0
149,N/A,N/A,N/A,TestWindow,100.0,N/A,speech,passive,0.836443305015564,2025-10-02 10:00:00,"{'kw': {'score': 0.5, 'count': 1}}",50.0
150,N/A,N/A,N/A,TestWindow,0.0,N/A,speech,passive,0.8423633575439453,2025-10-02 10:00:00,"{'kw': {'score': 0.5, 'count': 1}}",75.0
151,N/A,N/A,N/A,TestWindow,1.0,N/A,speech,passive,0.9809689521789551,2025-10-02 10:00:00,"{'kw': {'score': 0.5, 'count': 1}}",75.0
152,N/A,N/A,N/A,TestWindow,5.0,N/A,speech,passive,0.9574094414710999,2025-10-02 10:00:00,"{'kw': {'score': 0.5, 'count': 1}}",75.0
153,N/A,N/A,N/A,TestWindow,10.0,N/A,speech,passive,0.943703830242157,2025-10-02 10:00:00,"{'kw': {'score': 0.5, 'count': 1}}",75.0
154,N/A,N/A,N/A,TestWindow,100.0,N/A,speech,passive,0.836443305015564,2025-10-02 10:00:00,"{'kw': {'score': 0.5, 'count': 1}}",75.0
155,N/A,N/A,N/A,TestWindow,0.0,N/A,speech,passive,0.8423633575439453,2025-10-02 10:00:00,"{'kw': {'score': 0.5, 'count': 1}}",100.0
156,N/A,N/A,N/A,TestWindow,1.0,N/A,speech,passive,0.9809689521789551,2025-10-02 10:00:00,"{'kw': {'score': 0.5, 'count': 1}}",100.0
157,N/A,N/A,N/A,TestWindow,5.0,N/A,speech,passive,0.9574094414710999,2025-10-02 10:00:00,"{'kw': {'score': 0.5, 'count': 1}}",100.0
158,N/A,N/A,N/A,TestWindow,10.0,N/A,speech,passive,0.943703830242157,2025-10-02 10:00:00,"{'kw': {'score': 0.5, 'count': 1}}",100.0
159,N/A,N/A,N/A,TestWindow,100.0,N/A,speech,passive,0.836443305015564,2025-10-02 10:00:00,"{'kw': {'score': 0.5, 'count': 1}}",100.0
160,N/A,N/A,N/A,TestWindow,0.0,N/A,music,idle,0.997760534286499,2025-10-02 10:00:00,"{'kw': {'score': 0.5, 'count': 1}}",0.0
161,N/A,N/A,N/A,TestWindow,1.0,N/A,music,idle,0.991156816482544,2025-10-02 10:00:00,"{'kw': {'score': 0.5, 'count': 1}}",0.0
162,N/A,N/A,N/A,TestWindow,5.0,N/A,music,passive,0.999975323677063,2025-10-02 10:00:00,"{'kw': {'score': 0.5, 'count': 1}}",0.0
163,N/A,N/A,N/A,TestWindow,10.0,N/A,music,passive,0.9999707937240601,2025-10-02 10:00:00,"{'kw': {'score': 0.5, 'count': 1}}",0.0
164,N/A,N/A,N/A,TestWindow,100.0,N/A,music,passive,0.9999043941497803,2025-10-02 10:00:00,"{'kw': {'score': 0.5, 'count': 1}}",0.0
165,N/A,N/A,N/A,TestWindow,0.0,N/A,music,idle,0.997760534286499,2025-10-02 10:00:00,"{'kw': {'score': 0.5, 'count': 1}}",25.0
166,N/A,N/A,N/A,TestWindow,1.0,N/A,music,idle,0.991156816482544,2025-10-02 10:00:00,"{'kw': {'score': 0.5, 'count': 1}}",25.0
167,N/A,N/A,N/A,TestWindow,5.0,N/A,music,passive,0.999975323677063,2025-10-02 10:00:00,"{'kw': {'score': 0.5, 'count': 1}}",25.0
168,N/A,N/A,N/A,TestWindow,10.0,N/A,music,passive,0.9999707937240601,2025-10-02 10:00:00,"{'kw': {'score': 0.5, 'count': 1}}",25.0
169,N/A,N/A,N/A,TestWindow,100.0,N/A,music,passive,0.9999043941497803,2025-10-02 10:00:00,"{'kw': {'score': 0.5, 'count': 1}}",25.0
170,N/A,N/A,N/A,TestWindow,0.0,N/A,music,idle,0.997760534286499,2025-10-02 10:00:00,"{'kw': {'score': 0.5, 'count': 1}}",50.0
171,N/A,N/A,N/A,TestWindow,1.0,N/A,music,idle,0.991156816482544,2025-10-02 10:00:00,"{'kw': {'score': 0.5, 'count': 1}}",50.0
172,N/A,N/A,N/A,TestWindow,5.0,N/A,music,passive,0.999975323677063,2025-10-02 10:00:00,"{'kw': {'score': 0.5, 'count': 1}}",50.0
173,N/A,N/A,N/A,TestWindow,10.0,N/A,music,passive,0.9999707937240601,2025-10-02 10:00:00,"{'kw': {'score': 0.5, 'count': 1}}",50.0
174,N/A,N/A,N/A,TestWindow,100.0,N/A,music,passive,0.9999043941497803,2025-10-02 10:00:00,"{'kw': {'score': 0.5, 'count': 1}}",50.0
175,N/A,N/A,N/A,TestWindow,0.0,N/A,music,idle,0.997760534286499,2025-10-02 10:00:00,"{'kw': {'score': 0.5, 'count': 1}}",75.0
176,N/A,N/A,N/A,TestWindow,1.0,N/A,music,idle,0.991156816482544,2025-10-02 10:00:00,"{'kw': {'score': 0.5, 'count': 1}}",75.0
177,N/A,N/A,N/A,TestWindow,5.0,N/A,music,passive,0.999975323677063,2025-10-02 10:00:00,"{'kw': {'score': 0.5, 'count': 1}}",75.0
178,N/A,N/A,N/A,TestWindow,10.0,N/A,music,passive,0.9999707937240601,2025-10-02 10:00:00,"{'kw': {'score': 0.5, 'count': 1}}",75.0
179,N/A,N/A,N/A,TestWindow,100.0,N/A,music,passive,0.9999043941497803,2025-10-02 10:00:00,"{'kw': {'score': 0.5, 'count': 1}}",75.0
180,N/A,N/A,N/A,TestWindow,0.0,N/A,music,idle,0.997760534286499,2025-10-02 10:00:00,"{'kw': {'score': 0.5, 'count': 1}}",100.0
181,N/A,N/A,N/A,TestWindow,1.0,N/A,music,idle,0.991156816482544,2025-10-02 10:00:00,"{'kw': {'score': 0.5, 'count': 1}}",100.0
182,N/A,N/A,N/A,TestWindow,5.0,N/A,music,passive,0.999975323677063,2025-10-02 10:00:00,"{'kw': {'score': 0.5, 'count': 1}}",100.0
183,N/A,N/A,N/A,TestWindow,10.0,N/A,music,passive,0.9999707937240601,2025-10-02 10:00:00,"{'kw': {'score': 0.5, 'count': 1}}",100.0
184,N/A,N/A,N/A,TestWindow,100.0,N/A,music,passive,0.9999043941497803,2025-10-02 10:00:00,"{'kw': {'score': 0.5, 'count': 1}}",100.0
185,N/A,N/A,N/A,TestWindow,0.0,N/A,silence,idle,0.9999030828475952,2025-10-02 10:00:00,"{'kw': {'score': 0.5, 'count': 1}}",0.0
186,N/A,N/A,N/A,TestWindow,1.0,N/A,silence,idle,0.9998704195022583,2025-10-02 10:00:00,"{'kw': {'score': 0.5, 'count': 1}}",0.0
187,N/A,N/A,N/A,TestWindow,5.0,N/A,silence,passive,0.9999619722366333,2025-10-02 10:00:00,"{'kw': {'score': 0.5, 'count': 1}}",0.0
188,N/A,N/A,N/A,TestWindow,10.0,N/A,silence,passive,0.9999574422836304,2025-10-02 10:00:00,"{'kw': {'score': 0.5, 'count': 1}}",0.0
189,N/A,N/A,N/A,TestWindow,100.0,N/A,silence,passive,0.9998605251312256,2025-10-02 10:00:00,"{'kw': {'score': 0.5, 'count': 1}}",0.0
190,N/A,N/A,N/A,TestWindow,0.0,N/A,silence,idle,0.9999030828475952,2025-10-02 10:00:00,"{'kw': {'score': 0.5, 'count': 1}}",25.0
191,N/A,N/A,N/A,TestWindow,1.0,N/A,silence,idle,0.9998704195022583,2025-10-02 10:00:00,"{'kw': {'score': 0.5, 'count': 1}}",25.0
192,N/A,N/A,N/A,TestWindow,5.0,N/A,silence,passive,0.9999619722366333,2025-10-02 10:00:00,"{'kw': {'score': 0.5, 'count': 1}}",25.0
193,N/A,N/A,N/A,TestWindow,10.0,N/A,silence,passive,0.9999574422836304,2025-10-02 10:00:00,"{'kw': {'score': 0.5, 'count': 1}}",25.0
194,N/A,N/A,N/A,TestWindow,100.0,N/A,silence,passive,0.9998605251312256,2025-10-02 10:00:00,"{'kw': {'score': 0.5, 'count': 1}}",25.0
195,N/A,N/A,N/A,TestWindow,0.0,N/A,silence,idle,0.9999030828475952,2025-10-02 10:00:00,"{'kw': {'score': 0.5, 'count': 1}}",50.0
196,N/A,N/A,N/A,TestWindow,1.0,N/A,silence,idle,0.9998704195022583,2025-10-02 10:00:00,"{'kw': {'score': 0.5, 'count': 1}}",50.0
197,N/A,N/A,N/A,TestWindow,5.0,N/A,silence,passive,0.9999619722366333,2025-10-02 10:00:00,"{'kw': {'score': 0.5, 'count': 1}}",50.0
198,N/A,N/A,N/A,TestWindow,10.0,N/A,silence,passive,0.9999574422836304,2025-10-02 10:00:00,"{'kw': {'score': 0.5, 'count': 1}}",50.0
199,N/A,N/A,N/A,TestWindow,100.0,N/A,silence,passive,0.9998605251312256,2025-10-02 10:00:00,"{'kw': {'score': 0.5, 'count': 1}}",50.0
200,N/A,N/A,N/A,TestWindow,0.0,N/A,silence,idle,0.9999030828475952,2025-10-02 10:00:00,"{'kw': {'score': 0.5, 'count': 1}}",75.0
201,N/A,N/A,N/A,TestWindow,1.0,N/A,silence,idle,0.9998704195022583,2025-10-02 10:00:00,"{'kw': {'score': 0.5, 'count': 1}}",75.0
202,N/A,N/A,N/A,TestWindow,5.0,N/A,silence,passive,0.9999619722366333,2025-10-02 10:00:00,"{'kw': {'score': 0.5, 'count': 1}}",75.0
203,N/A,N/A,N/A,TestWindow,10.0,N/A,silence,passive,0.9999574422836304,2025-10-02 10:00:00,"{'kw': {'score': 0.5, 'count': 1}}",75.0
204,N/A,N/A,N/A,TestWindow,100.0,N/A,silence,passive,0.9998605251312256,2025-10-02 10:00:00,"{'kw': {'score': 0.5, 'count': 1}}",75.0
205,N/A,N/A,N/A,TestWindow,0.0,N/A,silence,idle,0.9999030828475952,2025-10-02 10:00:00,"{'kw': {'score': 0.5, 'count': 1}}",100.0
206,N/A,N/A,N/A,TestWindow,1.0,N/A,silence,idle,0.9998704195022583,2025-10-02 10:00:00,"{'kw': {'score': 0.5, 'count': 1}}",100.0
207,N/A,N/A,N/A,TestWindow,5.0,N/A,silence,passive,0.9999619722366333,2025-10-02 10:00:00,"{'kw': {'score': 0.5, 'count': 1}}",100.0
208,N/A,N/A,N/A,TestWindow,10.0,N/A,silence,passive,0.9999574422836304,2025-10-02 10:00:00,"{'kw': {'score': 0.5, 'count': 1}}",100.0
209,N/A,N/A,N/A,TestWindow,100.0,N/A,silence,passive,0.9998605251312256,2025-10-02 10:00:00,"{'kw': {'score': 0.5, 'count': 1}}",100.0
210,N/A,N/A,N/A,TestWindow,0.0,N/A,unknown,idle,0.9999030828475952,2025-10-02 10:00:00,"{'kw': {'score': 0.5, 'count': 1}}",0.0
211,N/A,N/A,N/A,TestWindow,1.0,N/A,unknown,idle,0.9998704195022583,2025-10-02 10:00:00,"{'kw': {'score': 0.5, 'count': 1}}",0.0
212,N/A,N/A,N/A,TestWindow,5.0,N/A,unknown,passive,0.9999619722366333,2025-10-02 10:00:00,"{'kw': {'score': 0.5, 'count': 1}}",0.0
213,N/A,N/A,N/A,TestWindow,10.0,N/A,unknown,passive,0.9999574422836304,2025-10-02 10:00:00,"{'kw': {'score': 0.5, 'count': 1}}",0.0
214,N/A,N/A,N/A,TestWindow,100.0,N/A,unknown,passive,0.9998605251312256,2025-10-02 10:00:00,"{'kw': {'score': 0.5, 'count': 1}}",0.0
215,N/A,N/A,N/A,TestWindow,0.0,N/A,unknown,idle,0.9999030828475952,2025-10-02 10:00:00,"{'kw': {'score': 0.5, 'count': 1}}",25.0
216,N/A,N/A,N/A,TestWindow,1.0,N/A,unknown,idle,0.9998704195022583,2025-10-02 10:00:00,"{'kw': {'score': 0.5, 'count': 1}}",25.0
217,N/A,N/A,N/A,TestWindow,5.0,N/A,unknown,passive,0.9999619722366333,2025-10-02 10:00:00,"{'kw': {'score': 0.5, 'count': 1}}",25.0
218,N/A,N/A,N/A,TestWindow,10.0,N/A,unknown,passive,0.9999574422836304,2025-10-02 10:00:00,"{'kw': {'score': 0.5, 'count': 1}}",25.0
219,N/A,N/A,N/A,TestWindow,100.0,N/A,unknown,passive,0.9998605251312256,2025-10-02 10:00:00,"{'kw': {'score': 0.5, 'count': 1}}",25.0
220,N/A,N/A,N/A,TestWindow,0.0,N/A,unknown,idle,0.9999030828475952,2025-10-02 10:00:00,"{'kw': {'score': 0.5, 'count': 1}}",50.0
221,N/A,N/A,N/A,TestWindow,1.0,N/A,unknown,idle,0.9998704195022583,2025-10-02 10:00:00,"{'kw': {'score': 0.5, 'count': 1}}",50.0
222,N/A,N/A,N/A,TestWindow,5.0,N/A,unknown,passive,0.9999619722366333,2025-10-02 10:00:00,"{'kw': {'score': 0.5, 'count': 1}}",50.0
223,N/A,N/A,N/A,TestWindow,10.0,N/A,unknown,passive,0.9999574422836304,2025-10-02 10:00:00,"{'kw': {'score': 0.5, 'count': 1}}",50.0
224,N/A,N/A,N/A,TestWindow,100.0,N/A,unknown,passive,0.9998605251312256,2025-10-02 10:00:00,"{'kw': {'score': 0.5, 'count': 1}}",50.0
225,N/A,N/A,N/A,TestWindow,0.0,N/A,unknown,idle,0.9999030828475952,2025-10-02 10:00:00,"{'kw': {'score': 0.5, 'count': 1}}",75.0
226,N/A,N/A,N/A,TestWindow,1.0,N/A,unknown,idle,0.9998704195022583,2025-10-02 10:00:00,"{'kw': {'score': 0.5, 'count': 1}}",75.0
227,N/A,N/A,N/A,TestWindow,5.0,N/A,unknown,passive,0.9999619722366333,2025-10-02 10:00:00,"{'kw': {'score': 0.5, 'count': 1}}",75.0
228,N/A,N/A,N/A,TestWindow,10.0,N/A,unknown,passive,0.9999574422836304,2025-10-02 10:00:00,"{'kw': {'score': 0.5, 'count': 1}}",75.0
229,N/A,N/A,N/A,TestWindow,100.0,N/A,unknown,passive,0.9998605251312256,2025-10-02 10:00:00,"{'kw': {'score': 0.5, 'count': 1}}",75.0
230,N/A,N/A,N/A,TestWindow,0.0,N/A,unknown,idle,0.9999030828475952,2025-10-02 10:00:00,"{'kw': {'score': 0.5, 'count': 1}}",100.0
231,N/A,N/A,N/A,TestWindow,1.0,N/A,unknown,idle,0.9998704195022583,2025-10-02 10:00:00,"{'kw': {'score': 0.5, 'count': 1}}",100.0
232,N/A,N/A,N/A,TestWindow,5.0,N/A,unknown,passive,0.9999619722366333,2025-10-02 10:00:00,"{'kw': {'score': 0.5, 'count': 1}}",100.0
233,N/A,N/A,N/A,TestWindow,10.0,N/A,unknown,passive,0.9999574422836304,2025-10-02 10:00:00,"{'kw': {'score': 0.5, 'count': 1}}",100.0
234,N/A,N/A,N/A,TestWindow,100.0,N/A,unknown,passive,0.9998605251312256,2025-10-02 10:00:00,"{'kw': {'score': 0.5, 'count': 1}}",100.0
235,N/A,N/A,N/A,TestWindow,0.0,N/A,speech,passive,0.9749030470848083,2025-10-02 10:00:00,"{'kw': {'score': 0.5, 'count': 1}}",0.0
236,N/A,N/A,N/A,TestWindow,1.0,N/A,speech,passive,0.9966629147529602,2025-10-02 10:00:00,"{'kw': {'score': 0.5, 'count': 1}}",0.0
237,N/A,N/A,N/A,TestWindow,5.0,N/A,speech,passive,0.9891006350517273,2025-10-02 10:00:00,"{'kw': {'score': 0.5, 'count': 1}}",0.0
238,N/A,N/A,N/A,TestWindow,10.0,N/A,speech,passive,0.9839012026786804,2025-10-02 10:00:00,"{'kw': {'score': 0.5, 'count': 1}}",0.0
239,N/A,N/A,N/A,TestWindow,100.0,N/A,speech,passive,0.9490973353385925,2025-10-02 10:00:00,"{'kw': {'score': 0.5, 'count': 1}}",0.0
240,N/A,N/A,N/A,TestWindow,0.0,N/A,speech,passive,0.9749030470848083,2025-10-02 10:00:00,"{'kw': {'score': 0.5, 'count': 1}}",25.0
241,N/A,N/A,N/A,TestWindow,1.0,N/A,speech,passive,0.9966629147529602,2025-10-02 10:00:00,"{'kw': {'score': 0.5, 'count': 1}}",25.0
242,N/A,N/A,N/A,TestWindow,5.0,N/A,speech,passive,0.9891006350517273,2025-10-02 10:00:00,"{'kw': {'score': 0.5, 'count': 1}}",25.0
243,N/A,N/A,N/A,TestWindow,10.0,N/A,speech,passive,0.9839012026786804,2025-10-02 10:00:00,"{'kw': {'score': 0.5, 'count': 1}}",25.0
244,N/A,N/A,N/A,TestWindow,100.0,N/A,speech,passive,0.9490973353385925,2025-10-02 10:00:00,"{'kw': {'score': 0.5, 'count': 1}}",25.0
245,N/A,N/A,N/A,TestWindow,0.0,N/A,speech,passive,0.9749030470848083,2025-10-02 10:00:00,"{'kw': {'score': 0.5, 'count': 1}}",50.0
246,N/A,N/A,N/A,TestWindow,1.0,N/A,speech,passive,0.9966629147529602,2025-10-02 10:00:00,"{'kw': {'score': 0.5, 'count': 1}}",50.0
247,N/A,N/A,N/A,TestWindow,5.0,N/A,speech,passive,0.9891006350517273,2025-10-02 10:00:00,"{'kw': {'score': 0.5, 'count': 1}}",50.0
248,N/A,N/A,N/A,TestWindow,10.0,N/A,speech,passive,0.9839012026786804,2025-10-02 10:00:00,"{'kw': {'score': 0.5, 'count': 1}}",50.0
249,N/A,N/A,N/A,TestWindow,100.0,N/A,speech,passive,0.9490973353385925,2025-10-02 10:00:00,"{'kw': {'score': 0.5, 'count': 1}}",50.0
250,N/A,N/A,N/A,TestWindow,0.0,N/A,speech,passive,0.9749030470848083,2025-10-02 10:00:00,"{'kw': {'score': 0.5, 'count': 1}}",75.0
251,N/A,N/A,N/A,TestWindow,1.0,N/A,speech,passive,0.9966629147529602,2025-10-02 10:00:00,"{'kw': {'score': 0.5, 'count': 1}}",75.0
252,N/A,N/A,N/A,TestWindow,5.0,N/A,speech,passive,0.9891006350517273,2025-10-02 10:00:00,"{'kw': {'score': 0.5, 'count': 1}}",75.0
253,N/A,N/A,N/A,TestWindow,10.0,N/A,speech,passive,0.9839012026786804,2025-10-02 10:00:00,"{'kw': {'score': 0.5, 'count': 1}}",75.0
254,N/A,N/A,N/A,TestWindow,100.0,N/A,speech,passive,0.9490973353385925,2025-10-02 10:00:00,"{'kw': {'score': 0.5, 'count': 1}}",75.0
255,N/A,N/A,N/A,TestWindow,0.0,N/A,speech,passive,0.9749030470848083,2025-10-02 10:00:00,"{'kw': {'score': 0.5, 'count': 1}}",100.0
256,N/A,N/A,N/A,TestWindow,1.0,N/A,speech,passive,0.9966629147529602,2025-10-02 10:00:00,"{'kw': {'score': 0.5, 'count': 1}}",100.0
257,N/A,N/A,N/A,TestWindow,5.0,N/A,speech,passive,0.9891006350517273,2025-10-02 10:00:00,"{'kw': {'score': 0.5, 'count': 1}}",100.0
258,N/A,N/A,N/A,TestWindow,10.0,N/A,speech,passive,0.9839012026786804,2025-10-02 10:00:00,"{'kw': {'score': 0.5, 'count': 1}}",100.0
259,N/A,N/A,N/A,TestWindow,100.0,N/A,speech,passive,0.9490973353385925,2025-10-02 10:00:00,"{'kw': {'score': 0.5, 'count': 1}}",100.0
260,N/A,N/A,N/A,TestWindow,0.0,N/A,music,passive,0.7103739380836487,2025-10-02 10:00:00,"{'kw': {'score': 0.5, 'count': 1}}",0.0
261,N/A,N/A,N/A,TestWindow,1.0,N/A,music,passive,0.9122101664543152,2025-10-02 10:00:00,"{'kw': {'score': 0.5, 'count': 1}}",0.0
262,N/A,N/A,N/A,TestWindow,5.0,N/A,music,passive,0.9999924898147583,2025-10-02 10:00:00,"{'kw': {'score': 0.5, 'count': 1}}",0.0
263,N/A,N/A,N/A,TestWindow,10.0,N/A,music,passive,0.9999904632568359,2025-10-02 10:00:00,"{'kw': {'score': 0.5, 'count': 1}}",0.0
264,N/A,N/A,N/A,TestWindow,100.0,N/A,music,passive,0.9999686479568481,2025-10-02 10:00:00,"{'kw': {'score': 0.5, 'count': 1}}",0.0
265,N/A,N/A,N/A,TestWindow,0.0,N/A,music,passive,0.7103739380836487,2025-10-02 10:00:00,"{'kw': {'score': 0.5, 'count': 1}}",25.0
266,N/A,N/A,N/A,TestWindow,1.0,N/A,music,passive,0.9122101664543152,2025-10-02 10:00:00,"{'kw': {'score': 0.5, 'count': 1}}",25.0
267,N/A,N/A,N/A,TestWindow,5.0,N/A,music,passive,0.9999924898147583,2025-10-02 10:00:00,"{'kw': {'score': 0.5, 'count': 1}}",25.0
268,N/A,N/A,N/A,TestWindow,10.0,N/A,music,passive,0.9999904632568359,2025-10-02 10:00:00,"{'kw': {'score': 0.5, 'count': 1}}",25.0
269,N/A,N/A,N/A,TestWindow,100.0,N/A,music,passive,0.9999686479568481,2025-10-02 10:00:00,"{'kw': {'score': 0.5, 'count': 1}}",25.0
270,N/A,N/A,N/A,TestWindow,0.0,N/A,music,passive,0.7103739380836487,2025-10-02 10:00:00,"{'kw': {'score': 0.5, 'count': 1}}",50.0
271,N/A,N/A,N/A,TestWindow,1.0,N/A,music,passive,0.9122101664543152,2025-10-02 10:00:00,"{'kw': {'score': 0.5, 'count': 1}}",50.0
272,N/A,N/A,N/A,TestWindow,5.0,N/A,music,passive,0.9999924898147583,2025-10-02 10:00:00,"{'kw': {'score': 0.5, 'count': 1}}",50.0
273,N/A,N/A,N/A,TestWindow,10.0,N/A,music,passive,0.9999904632568359,2025-10-02 10:00:00,"{'kw': {'score': 0.5, 'count': 1}}",50.0
274,N/A,N/A,N/A,TestWindow,100.0,N/A,music,passive,0.9999686479568481,2025-10-02 10:00:00,"{'kw': {'score': 0.5, 'count': 1}}",50.0
275,N/A,N/A,N/A,TestWindow,0.0,N/A,music,passive,0.7103739380836487,2025-10-02 10:00:00,"{'kw': {'score': 0.5, 'count': 1}}",75.0
276,N/A,N/A,N/A,TestWindow,1.0,N/A,music,passive,0.9122101664543152,2025-10-02 10:00:00,"{'kw': {'score': 0.5, 'count': 1}}",75.0
277,N/A,N/A,N/A,TestWindow,5.0,N/A,music,passive,0.9999924898147583,2025-10-02 10:00:00,"{'kw': {'score': 0.5, 'count': 1}}",75.0
278,N/A,N/A,N/A,TestWindow,10.0,N/A,music,passive,0.9999904632568359,2025-10-02 10:00:00,"{'kw': {'score': 0.5, 'count': 1}}",75.0
279,N/A,N/A,N/A,TestWindow,100.0,N/A,music,passive,0.9999686479568481,2025-10-02 10:00:00,"{'kw': {'score': 0.5, 'count': 1}}",75.0
280,N/A,N/A,N/A,TestWindow,0.0,N/A,music,passive,0.7103739380836487,2025-10-02 10:00:00,"{'kw': {'score': 0.5, 'count': 1}}",100.0
281,N/A,N/A,N/A,TestWindow,1.0,N/A,music,passive,0.9122101664543152,2025-10-02 10:00:00,"{'kw': {'score': 0.5, 'count': 1}}",100.0
282,N/A,N/A,N/A,TestWindow,5.0,N/A,music,passive,0.9999924898147583,2025-10-02 10:00:00,"{'kw': {'score': 0.5, 'count': 1}}",100.0
283,N/A,N/A,N/A,TestWindow,10.0,N/A,music,passive,0.9999904632568359,2025-10-02 10:00:00,"{'kw': {'score': 0.5, 'count': 1}}",100.0
284,N/A,N/A,N/A,TestWindow,100.0,N/A,music,passive,0.9999686479568481,2025-10-02 10:00:00,"{'kw': {'score': 0.5, 'count': 1}}",100.0
285,N/A,N/A,N/A,TestWindow,0.0,N/A,silence,idle,0.9610503911972046,2025-10-02 10:00:00,"{'kw': {'score': 0.5, 'count': 1}}",0.0
286,N/A,N/A,N/A,TestWindow,1.0,N/A,silence,idle,0.9581623673439026,2025-10-02 10:00:00,"{'kw': {'score': 0.5, 'count': 1}}",0.0
287,N/A,N/A,N/A,TestWindow,5.0,N/A,silence,passive,0.999988317489624,2025-10-02 10:00:00,"{'kw': {'score': 0.5, 'count': 1}}",0.0
288,N/A,N/A,N/A,TestWindow,10.0,N/A,silence,passive,0.9999858140945435,2025-10-02 10:00:00,"{'kw': {'score': 0.5, 'count': 1}}",0.0
289,N/A,N/A,N/A,TestWindow,100.0,N/A,silence,passive,0.9999536275863647,2025-10-02 10:00:00,"{'kw': {'score': 0.5, 'count': 1}}",0.0
290,N/A,N/A,N/A,TestWindow,0.0,N/A,silence,idle,0.9610503911972046,2025-10-02 10:00:00,"{'kw': {'score': 0.5, 'count': 1}}",25.0
291,N/A,N/A,N/A,TestWindow,1.0,N/A,silence,idle,0.9581623673439026,2025-10-02 10:00:00,"{'kw': {'score': 0.5, 'count': 1}}",25.0
292,N/A,N/A,N/A,TestWindow,5.0,N/A,silence,passive,0.999988317489624,2025-10-02 10:00:00,"{'kw': {'score': 0.5, 'count': 1}}",25.0
293,N/A,N/A,N/A,TestWindow,10.0,N/A,silence,passive,0.9999858140945435,2025-10-02 10:00:00,"{'kw': {'score': 0.5, 'count': 1}}",25.0
294,N/A,N/A,N/A,TestWindow,100.0,N/A,silence,passive,0.9999536275863647,2025-10-02 10:00:00,"{'kw': {'score': 0.5, 'count': 1}}",25.0
295,N/A,N/A,N/A,TestWindow,0.0,N/A,silence,idle,0.9610503911972046,2025-10-02 10:00:00,"{'kw': {'score': 0.5, 'count': 1}}",50.0
296,N/A,N/A,N/A,TestWindow,1.0,N/A,silence,idle,0.9581623673439026,2025-10-02 10:00:00,"{'kw': {'score': 0.5, 'count': 1}}",50.0
297,N/A,N/A,N/A,TestWindow,5.0,N/A,silence,passive,0.999988317489624,2025-10-02 10:00:00,"{'kw': {'score': 0.5, 'count': 1}}",50.0
298,N/A,N/A,N/A,TestWindow,10.0,N/A,silence,passive,0.9999858140945435,2025-10-02 10:00:00,"{'kw': {'score': 0.5, 'count': 1}}",50.0
299,N/A,N/A,N/A,TestWindow,100.0,N/A,silence,passive,0.9999536275863647,2025-10-02 10:00:00,"{'kw': {'score': 0.5, 'count': 1}}",50.0
300,N/A,N/A,N/A,TestWindow,0.0,N/A,silence,idle,0.9610503911972046,2025-10-02 10:00:00,"{'kw': {'score': 0.5, 'count': 1}}",75.0
301,N/A,N/A,N/A,TestWindow,1.0,N/A,silence,idle,0.9581623673439026,2025-10-02 10:00:00,"{'kw': {'score': 0.5, 'count': 1}}",75.0
302,N/A,N/A,N/A,TestWindow,5.0,N/A,silence,passive,0.999988317489624,2025-10-02 10:00:00,"{'kw': {'score': 0.5, 'count': 1}}",75.0
303,N/A,N/A,N/A,TestWindow,10.0,N/A,silence,passive,0.9999858140945435,2025-10-02 10:00:00,"{'kw': {'score': 0.5, 'count': 1}}",75.0
304,N/A,N/A,N/A,TestWindow,100.0,N/A,silence,passive,0.9999536275863647,2025-10-02 10:00:00,"{'kw': {'score': 0.5, 'count': 1}}",75.0
305,N/A,N/A,N/A,TestWindow,0.0,N/A,silence,idle,0.9610503911972046,2025-10-02 10:00:00,"{'kw': {'score': 0.5, 'count': 1}}",100.0
306,N/A,N/A,N/A,TestWindow,1.0,N/A,silence,idle,0.9581623673439026,2025-10-02 10:00:00,"{'kw': {'score': 0.5, 'count': 1}}",100.0
307,N/A,N/A,N/A,TestWindow,5.0,N/A,silence,passive,0.999988317489624,2025-10-02 10:00:00,"{'kw': {'score': 0.5, 'count': 1}}",100.0
308,N/A,N/A,N/A,TestWindow,10.0,N/A,silence,passive,0.9999858140945435,2025-10-02 10:00:00,"{'kw': {'score': 0.5, 'count': 1}}",100.0
309,N/A,N/A,N/A,TestWindow,100.0,N/A,silence,passive,0.9999536275863647,2025-10-02 10:00:00,"{'kw': {'score': 0.5, 'count': 1}}",100.0
310,N/A,N/A,N/A,TestWindow,0.0,N/A,unknown,idle,0.9610503911972046,2025-10-02 10:00:00,"{'kw': {'score': 0.5, 'count': 1}}",0.0
311,N/A,N/A,N/A,TestWindow,1.0,N/A,unknown,idle,0.9581623673439026,2025-10-02 10:00:00,"{'kw': {'score': 0.5, 'count': 1}}",0.0
312,N/A,N/A,N/A,TestWindow,5.0,N/A,unknown,passive,0.999988317489624,2025-10-02 10:00:00,"{'kw': {'score': 0.5, 'count': 1}}",0.0
313,N/A,N/A,N/A,TestWindow,10.0,N/A,unknown,passive,0.9999858140945435,2025-10-02 10:00:00,"{'kw': {'score': 0.5, 'count': 1}}",0.0
314,N/A,N/A,N/A,TestWindow,100.0,N/A,unknown,passive,0.9999536275863647,2025-10-02 10:00:00,"{'kw': {'score': 0.5, 'count': 1}}",0.0
315,N/A,N/A,N/A,TestWindow,0.0,N/A,unknown,idle,0.9610503911972046,2025-10-02 10:00:00,"{'kw': {'score': 0.5, 'count': 1}}",25.0
316,N/A,N/A,N/A,TestWindow,1.0,N/A,unknown,idle,0.9581623673439026,2025-10-02 10:00:00,"{'kw': {'score': 0.5, 'count': 1}}",25.0
317,N/A,N/A,N/A,TestWindow,5.0,N/A,unknown,passive,0.999988317489624,2025-10-02 10:00:00,"{'kw': {'score': 0.5, 'count': 1}}",25.0
318,N/A,N/A,N/A,TestWindow,10.0,N/A,unknown,passive,0.9999858140945435,2025-10-02 10:00:00,"{'kw': {'score': 0.5, 'count': 1}}",25.0
319,N/A,N/A,N/A,TestWindow,100.0,N/A,unknown,passive,0.9999536275863647,2025-10-02 10:00:00,"{'kw': {'score': 0.5, 'count': 1}}",25.0
320,N/A,N/A,N/A,TestWindow,0.0,N/A,unknown,idle,0.9610503911972046,2025-10-02 10:00:00,"{'kw': {'score': 0.5, 'count': 1}}",50.0
321,N/A,N/A,N/A,TestWindow,1.0,N/A,unknown,idle,0.9581623673439026,2025-10-02 10:00:00,"{'kw': {'score': 0.5, 'count': 1}}",50.0
322,N/A,N/A,N/A,TestWindow,5.0,N/A,unknown,passive,0.999988317489624,2025-10-02 10:00:00,"{'kw': {'score': 0.5, 'count': 1}}",50.0
323,N/A,N/A,N/A,TestWindow,10.0,N/A,unknown,passive,0.9999858140945435,2025-10-02 10:00:00,"{'kw': {'score': 0.5, 'count': 1}}",50.0
324,N/A,N/A,N/A,TestWindow,100.0,N/A,unknown,passive,0.9999536275863647,2025-10-02 10:00:00,"{'kw': {'score': 0.5, 'count': 1}}",50.0
325,N/A,N/A,N/A,TestWindow,0.0,N/A,unknown,idle,0.9610503911972046,2025-10-02 10:00:00,"{'kw': {'score': 0.5, 'count': 1}}",75.0
326,N/A,N/A,N/A,TestWindow,1.0,N/A,unknown,idle,0.9581623673439026,2025-10-02 10:00:00,"{'kw': {'score': 0.5, 'count': 1}}",75.0
327,N/A,N/A,N/A,TestWindow,5.0,N/A,unknown,passive,0.999988317489624,2025-10-02 10:00:00,"{'kw': {'score': 0.5, 'count': 1}}",75.0
328,N/A,N/A,N/A,TestWindow,10.0,N/A,unknown,passive,0.9999858140945435,2025-10-02 10:00:00,"{'kw': {'score': 0.5, 'count': 1}}",75.0
329,N/A,N/A,N/A,TestWindow,100.0,N/A,unknown,passive,0.9999536275863647,2025-10-02 10:00:00,"{'kw': {'score': 0.5, 'count': 1}}",75.0
330,N/A,N/A,N/A,TestWindow,0.0,N/A,unknown,idle,0.9610503911972046,2025-10-02 10:00:00,"{'kw': {'score': 0.5, 'count': 1}}",100.0
331,N/A,N/A,N/A,TestWindow,1.0,N/A,unknown,idle,0.9581623673439026,2025-10-02 10:00:00,"{'kw': {'score': 0.5, 'count': 1}}",100.0
332,N/A,N/A,N/A,TestWindow,5.0,N/A,unknown,passive,0.999988317489624,2025-10-02 10:00:00,"{'kw': {'score': 0.5, 'count': 1}}",100.0
333,N/A,N/A,N/A,TestWindow,10.0,N/A,unknown,passive,0.9999858140945435,2025-10-02 10:00:00,"{'kw': {'score': 0.5, 'count': 1}}",100.0
334,N/A,N/A,N/A,TestWindow,100.0,N/A,unknown,passive,0.9999536275863647,2025-10-02 10:00:00,"{'kw': {'score': 0.5, 'count': 1}}",100.0
335,N/A,N/A,N/A,TestWindow,0.0,N/A,speech,studying,0.5073068141937256,2025-10-02 10:00:00,"{'kw': {'score': 0.5, 'count': 1}}",0.0
336,N/A,N/A,N/A,TestWindow,1.0,N/A,speech,studying,0.4960952699184418,2025-10-02 10:00:00,"{'kw': {'score': 0.5, 'count': 1}}",0.0
337,N/A,N/A,N/A,TestWindow,5.0,N/A,speech,passive,0.7142936587333679,2025-10-02 10:00:00,"{'kw': {'score': 0.5, 'count': 1}}",0.0
338,N/A,N/A,N/A,TestWindow,10.0,N/A,speech,passive,0.6511386632919312,2025-10-02 10:00:00,"{'kw': {'score': 0.5, 'count': 1}}",0.0
339,N/A,N/A,N/A,TestWindow,100.0,N/A,speech,passive,0.5733183026313782,2025-10-02 10:00:00,"{'kw': {'score': 0.5, 'count': 1}}",0.0
340,N/A,N/A,N/A,TestWindow,0.0,N/A,speech,studying,0.5073068141937256,2025-10-02 10:00:00,"{'kw': {'score': 0.5, 'count': 1}}",25.0
341,N/A,N/A,N/A,TestWindow,1.0,N/A,speech,studying,0.4960952699184418,2025-10-02 10:00:00,"{'kw': {'score': 0.5, 'count': 1}}",25.0
342,N/A,N/A,N/A,TestWindow,5.0,N/A,speech,passive,0.7142936587333679,2025-10-02 10:00:00,"{'kw': {'score': 0.5, 'count': 1}}",25.0
343,N/A,N/A,N/A,TestWindow,10.0,N/A,speech,passive,0.6511386632919312,2025-10-02 10:00:00,"{'kw': {'score': 0.5, 'count': 1}}",25.0
344,N/A,N/A,N/A,TestWindow,100.0,N/A,speech,passive,0.5733183026313782,2025-10-02 10:00:00,"{'kw': {'score': 0.5, 'count': 1}}",25.0
345,N/A,N/A,N/A,TestWindow,0.0,N/A,speech,studying,0.5073068141937256,2025-10-02 10:00:00,"{'kw': {'score': 0.5, 'count': 1}}",50.0
346,N/A,N/A,N/A,TestWindow,1.0,N/A,speech,studying,0.4960952699184418,2025-10-02 10:00:00,"{'kw': {'score': 0.5, 'count': 1}}",50.0
347,N/A,N/A,N/A,TestWindow,5.0,N/A,speech,passive,0.7142936587333679,2025-10-02 10:00:00,"{'kw': {'score': 0.5, 'count': 1}}",50.0
348,N/A,N/A,N/A,TestWindow,10.0,N/A,speech,passive,0.6511386632919312,2025-10-02 10:00:00,"{'kw': {'score': 0.5, 'count': 1}}",50.0
349,N/A,N/A,N/A,TestWindow,100.0,N/A,speech,passive,0.5733183026313782,2025-10-02 10:00:00,"{'kw': {'score': 0.5, 'count': 1}}",50.0
350,N/A,N/A,N/A,TestWindow,0.0,N/A,speech,studying,0.5073068141937256,2025-10-02 10:00:00,"{'kw': {'score': 0.5, 'count': 1}}",75.0
351,N/A,N/A,N/A,TestWindow,1.0,N/A,speech,studying,0.4960952699184418,2025-10-02 10:00:00,"{'kw': {'score': 0.5, 'count': 1}}",75.0
352,N/A,N/A,N/A,TestWindow,5.0,N/A,speech,passive,0.7142936587333679,2025-10-02 10:00:00,"{'kw': {'score': 0.5, 'count': 1}}",75.0
353,N/A,N/A,N/A,TestWindow,10.0,N/A,speech,passive,0.6511386632919312,2025-10-02 10:00:00,"{'kw': {'score': 0.5, 'count': 1}}",75.0
354,N/A,N/A,N/A,TestWindow,100.0,N/A,speech,passive,0.5733183026313782,2025-10-02 10:00:00,"{'kw': {'score': 0.5, 'count': 1}}",75.0
355,N/A,N/A,N/A,TestWindow,0.0,N/A,speech,studying,0.5073068141937256,2025-10-02 10:00:00,"{'kw': {'score': 0.5, 'count': 1}}",100.0
356,N/A,N/A,N/A,TestWindow,1.0,N/A,speech,studying,0.4960952699184418,2025-10-02 10:00:00,"{'kw': {'score': 0.5, 'count': 1}}",100.0
357,N/A,N/A,N/A,TestWindow,5.0,N/A,speech,passive,0.7142936587333679,2025-10-02 10:00:00,"{'kw': {'score': 0.5, 'count': 1}}",100.0
358,N/A,N/A,N/A,TestWindow,10.0,N/A,speech,passive,0.6511386632919312,2025-10-02 10:00:00,"{'kw': {'score': 0.5, 'count': 1}}",100.0
359,N/A,N/A,N/A,TestWindow,100.0,N/A,speech,passive,0.5733183026313782,2025-10-02 10:00:00,"{'kw': {'score': 0.5, 'count': 1}}",100.0
360,N/A,N/A,N/A,TestWindow,0.0,N/A,music,idle,0.98598712682724,2025-10-02 10:00:00,"{'kw': {'score': 0.5, 'count': 1}}",0.0
361,N/A,N/A,N/A,TestWindow,1.0,N/A,music,idle,0.9849364161491394,2025-10-02 10:00:00,"{'kw': {'score': 0.5, 'count': 1}}",0.0
362,N/A,N/A,N/A,TestWindow,5.0,N/A,music,passive,0.9908185601234436,2025-10-02 10:00:00,"{'kw': {'score': 0.5, 'count': 1}}",0.0
363,N/A,N/A,N/A,TestWindow,10.0,N/A,music,passive,0.9894934892654419,2025-10-02 10:00:00,"{'kw': {'score': 0.5, 'count': 1}}",0.0
364,N/A,N/A,N/A,TestWindow,100.0,N/A,music,passive,0.9854649901390076,2025-10-02 10:00:00,"{'kw': {'score': 0.5, 'count': 1}}",0.0
365,N/A,N/A,N/A,TestWindow,0.0,N/A,music,idle,0.98598712682724,2025-10-02 10:00:00,"{'kw': {'score': 0.5, 'count': 1}}",25.0
366,N/A,N/A,N/A,TestWindow,1.0,N/A,music,idle,0.9849364161491394,2025-10-02 10:00:00,"{'kw': {'score': 0.5, 'count': 1}}",25.0
367,N/A,N/A,N/A,TestWindow,5.0,N/A,music,passive,0.9908185601234436,2025-10-02 10:00:00,"{'kw': {'score': 0.5, 'count': 1}}",25.0
368,N/A,N/A,N/A,TestWindow,10.0,N/A,music,passive,0.9894934892654419,2025-10-02 10:00:00,"{'kw': {'score': 0.5, 'count': 1}}",25.0
369,N/A,N/A,N/A,TestWindow,100.0,N/A,music,passive,0.9854649901390076,2025-10-02 10:00:00,"{'kw': {'score': 0.5, 'count': 1}}",25.0
370,N/A,N/A,N/A,TestWindow,0.0,N/A,music,idle,0.98598712682724,2025-10-02 10:00:00,"{'kw': {'score': 0.5, 'count': 1}}",50.0
371,N/A,N/A,N/A,TestWindow,1.0,N/A,music,idle,0.9849364161491394,2025-10-02 10:00:00,"{'kw': {'score': 0.5, 'count': 1}}",50.0
372,N/A,N/A,N/A,TestWindow,5.0,N/A,music,passive,0.9908185601234436,2025-10-02 10:00:00,"{'kw': {'score': 0.5, 'count': 1}}",50.0
373,N/A,N/A,N/A,TestWindow,10.0,N/A,music,passive,0.9894934892654419,2025-10-02 10:00:00,"{'kw': {'score': 0.5, 'count': 1}}",50.0
374,N/A,N/A,N/A,TestWindow,100.0,N/A,music,passive,0.9854649901390076,2025-10-02 10:00:00,"{'kw': {'score': 0.5, 'count': 1}}",50.0
375,N/A,N/A,N/A,TestWindow,0.0,N/A,music,idle,0.98598712682724,2025-10-02 10:00:00,"{'kw': {'score': 0.5, 'count': 1}}",75.0
376,N/A,N/A,N/A,TestWindow,1.0,N/A,music,idle,0.9849364161491394,2025-10-02 10:00:00,"{'kw': {'score': 0.5, 'count': 1}}",75.0
377,N/A,N/A,N/A,TestWindow,5.0,N/A,music,passive,0.9908185601234436,2025-10-02 10:00:00,"{'kw': {'score': 0.5, 'count': 1}}",75.0
378,N/A,N/A,N/A,TestWindow,10.0,N/A,music,passive,0.9894934892654419,2025-10-02 10:00:00,"{'kw': {'score': 0.5, 'count': 1}}",75.0
379,N/A,N/A,N/A,TestWindow,100.0,N/A,music,passive,0.9854649901390076,2025-10-02 10:00:00,"{'kw': {'score': 0.5, 'count': 1}}",75.0
380,N/A,N/A,N/A,TestWindow,0.0,N/A,music,idle,0.98598712682724,2025-10-02 10:00:00,"{'kw': {'score': 0.5, 'count': 1}}",100.0
381,N/A,N/A,N/A,TestWindow,1.0,N/A,music,idle,0.9849364161491394,2025-10-02 10:00:00,"{'kw': {'score': 0.5, 'count': 1}}",100.0
382,N/A,N/A,N/A,TestWindow,5.0,N/A,music,passive,0.9908185601234436,2025-10-02 10:00:00,"{'kw': {'score': 0.5, 'count': 1}}",100.0
383,N/A,N/A,N/A,TestWindow,10.0,N/A,music,passive,0.9894934892654419,2025-10-02 10:00:00,"{'kw': {'score': 0.5, 'count': 1}}",100.0
384,N/A,N/A,N/A,TestWindow,100.0,N/A,music,passive,0.9854649901390076,2025-10-02 10:00:00,"{'kw': {'score': 0.5, 'count': 1}}",100.0
385,N/A,N/A,N/A,TestWindow,0.0,N/A,silence,idle,0.9988242983818054,2025-10-02 10:00:00,"{'kw': {'score': 0.5, 'count': 1}}",0.0
386,N/A,N/A,N/A,TestWindow,1.0,N/A,silence,idle,0.998735249042511,2025-10-02 10:00:00,"{'kw': {'score': 0.5, 'count': 1}}",0.0
387,N/A,N/A,N/A,TestWindow,5.0,N/A,silence,passive,0.9858450889587402,2025-10-02 10:00:00,"{'kw': {'score': 0.5, 'count': 1}}",0.0
388,N/A,N/A,N/A,TestWindow,10.0,N/A,silence,passive,0.9845332503318787,2025-10-02 10:00:00,"{'kw': {'score': 0.5, 'count': 1}}",0.0
389,N/A,N/A,N/A,TestWindow,100.0,N/A,silence,passive,0.9786438345909119,2025-10-02 10:00:00,"{'kw': {'score': 0.5, 'count': 1}}",0.0
390,N/A,N/A,N/A,TestWindow,0.0,N/A,silence,idle,0.9988242983818054,2025-10-02 10:00:00,"{'kw': {'score': 0.5, 'count': 1}}",25.0
391,N/A,N/A,N/A,TestWindow,1.0,N/A,silence,idle,0.998735249042511,2025-10-02 10:00:00,"{'kw': {'score': 0.5, 'count': 1}}",25.0
392,N/A,N/A,N/A,TestWindow,5.0,N/A,silence,passive,0.9858450889587402,2025-10-02 10:00:00,"{'kw': {'score': 0.5, 'count': 1}}",25.0
393,N/A,N/A,N/A,TestWindow,10.0,N/A,silence,passive,0.9845332503318787,2025-10-02 10:00:00,"{'kw': {'score': 0.5, 'count': 1}}",25.0
394,N/A,N/A,N/A,TestWindow,100.0,N/A,silence,passive,0.9786438345909119,2025-10-02 10:00:00,"{'kw': {'score': 0.5, 'count': 1}}",25.0
395,N/A,N/A,N/A,TestWindow,0.0,N/A,silence,idle,0.9988242983818054,2025-10-02 10:00:00,"{'kw': {'score': 0.5, 'count': 1}}",50.0
396,N/A,N/A,N/A,TestWindow,1.0,N/A,silence,idle,0.998735249042511,2025-10-02 10:00:00,"{'kw': {'score': 0.5, 'count': 1}}",50.0
397,N/A,N/A,N/A,TestWindow,5.0,N/A,silence,passive,0.9858450889587402,2025-10-02 10:00:00,"{'kw': {'score': 0.5, 'count': 1}}",50.0
398,N/A,N/A,N/A,TestWindow,10.0,N/A,silence,passive,0.9845332503318787,2025-10-02 10:00:00,"{'kw': {'score': 0.5, 'count': 1}}",50.0
399,N/A,N/A,N/A,TestWindow,100.0,N/A,silence,passive,0.9786438345909119,2025-10-02 10:00:00,"{'kw': {'score': 0.5, 'count': 1}}",50.0
400,N/A,N/A,N/A,TestWindow,0.0,N/A,silence,idle,0.9988242983818054,2025-10-02 10:00:00,"{'kw': {'score': 0.5, 'count': 1}}",75.0
401,N/A,N/A,N/A,TestWindow,1.0,N/A,silence,idle,0.998735249042511,2025-10-02 10:00:00,"{'kw': {'score': 0.5, 'count': 1}}",75.0
402,N/A,N/A,N/A,TestWindow,5.0,N/A,silence,passive,0.9858450889587402,2025-10-02 10:00:00,"{'kw': {'score': 0.5, 'count': 1}}",75.0
403,N/A,N/A,N/A,TestWindow,10.0,N/A,silence,passive,0.9845332503318787,2025-10-02 10:00:00,"{'kw': {'score': 0.5, 'count': 1}}",75.0
404,N/A,N/A,N/A,TestWindow,100.0,N/A,silence,passive,0.9786438345909119,2025-10-02 10:00:00,"{'kw': {'score': 0.5, 'count': 1}}",75.0
405,N/A,N/A,N/A,TestWindow,0.0,N/A,silence,idle,0.9988242983818054,2025-10-02 10:00:00,"{'kw': {'score': 0.5, 'count': 1}}",100.0
406,N/A,N/A,N/A,TestWindow,1.0,N/A,silence,idle,0.998735249042511,2025-10-02 10:00:00,"{'kw': {'score': 0.5, 'count': 1}}",100.0
407,N/A,N/A,N/A,TestWindow,5.0,N/A,silence,passive,0.9858450889587402,2025-10-02 10:00:00,"{'kw': {'score': 0.5, 'count': 1}}",100.0
408,N/A,N/A,N/A,TestWindow,10.0,N/A,silence,passive,0.9845332503318787,2025-10-02 10:00:00,"{'kw': {'score': 0.5, 'count': 1}}",100.0
409,N/A,N/A,N/A,TestWindow,100.0,N/A,silence,passive,0.9786438345909119,2025-10-02 10:00:00,"{'kw': {'score': 0.5, 'count': 1}}",100.0
410,N/A,N/A,N/A,TestWindow,0.0,N/A,unknown,idle,0.9988242983818054,2025-10-02 10:00:00,"{'kw': {'score': 0.5, 'count': 1}}",0.0
411,N/A,N/A,N/A,TestWindow,1.0,N/A,unknown,idle,0.998735249042511,2025-10-02 10:00:00,"{'kw': {'score': 0.5, 'count': 1}}",0.0
412,N/A,N/A,N/A,TestWindow,5.0,N/A,unknown,passive,0.9858450889587402,2025-10-02 10:00:00,"{'kw': {'score': 0.5, 'count': 1}}",0.0
413,N/A,N/A,N/A,TestWindow,10.0,N/A,unknown,passive,0.9845332503318787,2025-10-02 10:00:00,"{'kw': {'score': 0.5, 'count': 1}}",0.0
414,N/A,N/A,N/A,TestWindow,100.0,N/A,unknown,passive,0.9786438345909119,2025-10-02 10:00:00,"{'kw': {'score': 0.5, 'count': 1}}",0.0
415,N/A,N/A,N/A,TestWindow,0.0,N/A,unknown,idle,0.9988242983818054,2025-10-02 10:00:00,"{'kw': {'score': 0.5, 'count': 1}}",25.0
416,N/A,N/A,N/A,TestWindow,1.0,N/A,unknown,idle,0.998735249042511,2025-10-02 10:00:00,"{'kw': {'score': 0.5, 'count': 1}}",25.0
417,N/A,N/A,N/A,TestWindow,5.0,N/A,unknown,passive,0.9858450889587402,2025-10-02 10:00:00,"{'kw': {'score': 0.5, 'count': 1}}",25.0
418,N/A,N/A,N/A,TestWindow,10.0,N/A,unknown,passive,0.9845332503318787,2025-10-02 10:00:00,"{'kw': {'score': 0.5, 'count': 1}}",25.0
419,N/A,N/A,N/A,TestWindow,100.0,N/A,unknown,passive,0.9786438345909119,2025-10-02 10:00:00,"{'kw': {'score': 0.5, 'count': 1}}",25.0
420,N/A,N/A,N/A,TestWindow,0.0,N/A,unknown,idle,0.9988242983818054,2025-10-02 10:00:00,"{'kw': {'score': 0.5, 'count': 1}}",50.0
421,N/A,N/A,N/A,TestWindow,1.0,N/A,unknown,idle,0.998735249042511,2025-10-02 10:00:00,"{'kw': {'score': 0.5, 'count': 1}}",50.0
422,N/A,N/A,N/A,TestWindow,5.0,N/A,unknown,passive,0.9858450889587402,2025-10-02 10:00:00,"{'kw': {'score': 0.5, 'count': 1}}",50.0
423,N/A,N/A,N/A,TestWindow,10.0,N/A,unknown,passive,0.9845332503318787,2025-10-02 10:00:00,"{'kw': {'score': 0.5, 'count': 1}}",50.0
424,N/A,N/A,N/A,TestWindow,100.0,N/A,unknown,passive,0.9786438345909119,2025-10-02 10:00:00,"{'kw': {'score': 0.5, 'count': 1}}",50.0
425,N/A,N/A,N/A,TestWindow,0.0,N/A,unknown,idle,0.9988242983818054,2025-10-02 10:00:00,"{'kw': {'score': 0.5, 'count': 1}}",75.0
426,N/A,N/A,N/A,TestWindow,1.0,N/A,unknown,idle,0.998735249042511,2025-10-02 10:00:00,"{'kw': {'score': 0.5, 'count': 1}}",75.0
427,N/A,N/A,N/A,TestWindow,5.0,N/A,unknown,passive,0.9858450889587402,2025-10-02 10:00:00,"{'kw': {'score': 0.5, 'count': 1}}",75.0
428,N/A,N/A,N/A,TestWindow,10.0,N/A,unknown,passive,0.9845332503318787,2025-10-02 10:00:00,"{'kw': {'score': 0.5, 'count': 1}}",75.0
429,N/A,N/A,N/A,TestWindow,100.0,N/A,unknown,passive,0.9786438345909119,2025-10-02 10:00:00,"{'kw': {'score': 0.5, 'count': 1}}",75.0
430,N/A,N/A,N/A,TestWindow,0.0,N/A,unknown,idle,0.9988242983818054,2025-10-02 10:00:00,"{'kw': {'score': 0.5, 'count': 1}}",100.0
431,N/A,N/A,N/A,TestWindow,1.0,N/A,unknown,idle,0.998735249042511,2025-10-02 10:00:00,"{'kw': {'score': 0.5, 'count': 1}}",100.0
432,N/A,N/A,N/A,TestWindow,5.0,N/A,unknown,passive,0.9858450889587402,2025-10-02 10:00:00,"{'kw': {'score': 0.5, 'count': 1}}",100.0
433,N/A,N/A,N/A,TestWindow,10.0,N/A,unknown,passive,0.9845332503318787,2025-10-02 10:00:00,"{'kw': {'score': 0.5, 'count': 1}}",100.0
434,N/A,N/A,N/A,TestWindow,100.0,N/A,unknown,passive,0.9786438345909119,2025-10-02 10:00:00,"{'kw': {'score': 0.5, 'count': 1}}",100.0
435,N/A,N/A,N/A,TestWindow,0.0,N/A,speech,studying,0.5073068141937256,2025-10-02 10:00:00,"{'kw': {'score': 0.5, 'count': 1}}",0.0
436,N/A,N/A,N/A,TestWindow,1.0,N/A,speech,studying,0.4960952699184418,2025-10-02 10:00:00,"{'kw': {'score': 0.5, 'count': 1}}",0.0
437,N/A,N/A,N/A,TestWindow,5.0,N/A,speech,passive,0.7142936587333679,2025-10-02 10:00:00,"{'kw': {'score': 0.5, 'count': 1}}",0.0
438,N/A,N/A,N/A,TestWindow,10.0,N/A,speech,passive,0.6511386632919312,2025-10-02 10:00:00,"{'kw': {'score': 0.5, 'count': 1}}",0.0
439,N/A,N/A,N/A,TestWindow,100.0,N/A,speech,passive,0.5733183026313782,2025-10-02 10:00:00,"{'kw': {'score': 0.5, 'count': 1}}",0.0
440,N/A,N/A,N/A,TestWindow,0.0,N/A,speech,studying,0.5073068141937256,2025-10-02 10:00:00,"{'kw': {'score': 0.5, 'count': 1}}",25.0
441,N/A,N/A,N/A,TestWindow,1.0,N/A,speech,studying,0.4960952699184418,2025-10-02 10:00:00,"{'kw': {'score': 0.5, 'count': 1}}",25.0
442,N/A,N/A,N/A,TestWindow,5.0,N/A,speech,passive,0.7142936587333679,2025-10-02 10:00:00,"{'kw': {'score': 0.5, 'count': 1}}",25.0
443,N/A,N/A,N/A,TestWindow,10.0,N/A,speech,passive,0.6511386632919312,2025-10-02 10:00:00,"{'kw': {'score': 0.5, 'count': 1}}",25.0
444,N/A,N/A,N/A,TestWindow,100.0,N/A,speech,passive,0.5733183026313782,2025-10-02 10:00:00,"{'kw': {'score': 0.5, 'count': 1}}",25.0
445,N/A,N/A,N/A,TestWindow,0.0,N/A,speech,studying,0.5073068141937256,2025-10-02 10:00:00,"{'kw': {'score': 0.5, 'count': 1}}",50.0
446,N/A,N/A,N/A,TestWindow,1.0,N/A,speech,studying,0.4960952699184418,2025-10-02 10:00:00,"{'kw': {'score': 0.5, 'count': 1}}",50.0
447,N/A,N/A,N/A,TestWindow,5.0,N/A,speech,passive,0.7142936587333679,2025-10-02 10:00:00,"{'kw': {'score': 0.5, 'count': 1}}",50.0
448,N/A,N/A,N/A,TestWindow,10.0,N/A,speech,passive,0.6511386632919312,2025-10-02 10:00:00,"{'kw': {'score': 0.5, 'count': 1}}",50.0
449,N/A,N/A,N/A,TestWindow,100.0,N/A,speech,passive,0.5733183026313782,2025-10-02 10:00:00,"{'kw': {'score': 0.5, 'count': 1}}",50.0
450,N/A,N/A,N/A,TestWindow,0.0,N/A,speech,studying,0.5073068141937256,2025-10-02 10:00:00,"{'kw': {'score': 0.5, 'count': 1}}",75.0
451,N/A,N/A,N/A,TestWindow,1.0,N/A,speech,studying,0.4960952699184418,2025-10-02 10:00:00,"{'kw': {'score': 0.5, 'count': 1}}",75.0
452,N/A,N/A,N/A,TestWindow,5.0,N/A,speech,passive,0.7142936587333679,2025-10-02 10:00:00,"{'kw': {'score': 0.5, 'count': 1}}",75.0
453,N/A,N/A,N/A,TestWindow,10.0,N/A,speech,passive,0.6511386632919312,2025-10-02 10:00:00,"{'kw': {'score': 0.5, 'count': 1}}",75.0
454,N/A,N/A,N/A,TestWindow,100.0,N/A,speech,passive,0.5733183026313782,2025-10-02 10:00:00,"{'kw': {'score': 0.5, 'count': 1}}",75.0
455,N/A,N/A,N/A,TestWindow,0.0,N/A,speech,studying,0.5073068141937256,2025-10-02 10:00:00,"{'kw': {'score': 0.5, 'count': 1}}",100.0
456,N/A,N/A,N/A,TestWindow,1.0,N/A,speech,studying,0.4960952699184418,2025-10-02 10:00:00,"{'kw': {'score': 0.5, 'count': 1}}",100.0
457,N/A,N/A,N/A,TestWindow,5.0,N/A,speech,passive,0.7142936587333679,2025-10-02 10:00:00,"{'kw': {'score': 0.5, 'count': 1}}",100.0
458,N/A,N/A,N/A,TestWindow,10.0,N/A,speech,passive,0.6511386632919312,2025-10-02 10:00:00,"{'kw': {'score': 0.5, 'count': 1}}",100.0
459,N/A,N/A,N/A,TestWindow,100.0,N/A,speech,passive,0.5733183026313782,2025-10-02 10:00:00,"{'kw': {'score': 0.5, 'count': 1}}",100.0
460,N/A,N/A,N/A,TestWindow,0.0,N/A,music,idle,0.98598712682724,2025-10-02 10:00:00,"{'kw': {'score': 0.5, 'count': 1}}",0.0
461,N/A,N/A,N/A,TestWindow,1.0,N/A,music,idle,0.9849364161491394,2025-10-02 10:00:00,"{'kw': {'score': 0.5, 'count': 1}}",0.0
462,N/A,N/A,N/A,TestWindow,5.0,N/A,music,passive,0.9908185601234436,2025-10-02 10:00:00,"{'kw': {'score': 0.5, 'count': 1}}",0.0
463,N/A,N/A,N/A,TestWindow,10.0,N/A,music,passive,0.9894934892654419,2025-10-02 10:00:00,"{'kw': {'score': 0.5, 'count': 1}}",0.0
464,N/A,N/A,N/A,TestWindow,100.0,N/A,music,passive,0.9854649901390076,2025-10-02 10:00:00,"{'kw': {'score': 0.5, 'count': 1}}",0.0
465,N/A,N/A,N/A,TestWindow,0.0,N/A,music,idle,0.98598712682724,2025-10-02 10:00:00,"{'kw': {'score': 0.5, 'count': 1}}",25.0
466,N/A,N/A,N/A,TestWindow,1.0,N/A,music,idle,0.9849364161491394,2025-10-02 10:00:00,"{'kw': {'score': 0.5, 'count': 1}}",25.0
467,N/A,N/A,N/A,TestWindow,5.0,N/A,music,passive,0.9908185601234436,2025-10-02 10:00:00,"{'kw': {'score': 0.5, 'count': 1}}",25.0
468,N/A,N/A,N/A,TestWindow,10.0,N/A,music,passive,0.9894934892654419,2025-10-02 10:00:00,"{'kw': {'score': 0.5, 'count': 1}}",25.0
469,N/A,N/A,N/A,TestWindow,100.0,N/A,music,passive,0.9854649901390076,2025-10-02 10:00:00,"{'kw': {'score': 0.5, 'count': 1}}",25.0
470,N/A,N/A,N/A,TestWindow,0.0,N/A,music,idle,0.98598712682724,2025-10-02 10:00:00,"{'kw': {'score': 0.5, 'count': 1}}",50.0
471,N/A,N/A,N/A,TestWindow,1.0,N/A,music,idle,0.9849364161491394,2025-10-02 10:00:00,"{'kw': {'score': 0.5, 'count': 1}}",50.0
472,N/A,N/A,N/A,TestWindow,5.0,N/A,music,passive,0.9908185601234436,2025-10-02 10:00:00,"{'kw': {'score': 0.5, 'count': 1}}",50.0
473,N/A,N/A,N/A,TestWindow,10.0,N/A,music,passive,0.9894934892654419,2025-10-02 10:00:00,"{'kw': {'score': 0.5, 'count': 1}}",50.0
474,N/A,N/A,N/A,TestWindow,100.0,N/A,music,passive,0.9854649901390076,2025-10-02 10:00:00,"{'kw': {'score': 0.5, 'count': 1}}",50.0
475,N/A,N/A,N/A,TestWindow,0.0,N/A,music,idle,0.98598712682724,2025-10-02 10:00:00,"{'kw': {'score': 0.5, 'count': 1}}",75.0
476,N/A,N/A,N/A,TestWindow,1.0,N/A,music,idle,0.9849364161491394,2025-10-02 10:00:00,"{'kw': {'score': 0.5, 'count': 1}}",75.0
477,N/A,N/A,N/A,TestWindow,5.0,N/A,music,passive,0.9908185601234436,2025-10-02 10:00:00,"{'kw': {'score': 0.5, 'count': 1}}",75.0
478,N/A,N/A,N/A,TestWindow,10.0,N/A,music,passive,0.9894934892654419,2025-10-02 10:00:00,"{'kw': {'score': 0.5, 'count': 1}}",75.0
479,N/A,N/A,N/A,TestWindow,100.0,N/A,music,passive,0.9854649901390076,2025-10-02 10:00:00,"{'kw': {'score': 0.5, 'count': 1}}",75.0
480,N/A,N/A,N/A,TestWindow,0.0,N/A,music,idle,0.98598712682724,2025-10-02 10:00:00,"{'kw': {'score': 0.5, 'count': 1}}",100.0
481,N/A,N/A,N/A,TestWindow,1.0,N/A,music,idle,0.9849364161491394,2025-10-02 10:00:00,"{'kw': {'score': 0.5, 'count': 1}}",100.0
482,N/A,N/A,N/A,TestWindow,5.0,N/A,music,passive,0.9908185601234436,2025-10-02 10:00:00,"{'kw': {'score': 0.5, 'count': 1}}",100.0
483,N/A,N/A,N/A,TestWindow,10.0,N/A,music,passive,0.9894934892654419,2025-10-02 10:00:00,"{'kw': {'score': 0.5, 'count': 1}}",100.0
484,N/A,N/A,N/A,TestWindow,100.0,N/A,music,passive,0.9854649901390076,2025-10-02 10:00:00,"{'kw': {'score': 0.5, 'count': 1}}",100.0
485,N/A,N/A,N/A,TestWindow,0.0,N/A,silence,idle,0.9988242983818054,2025-10-02 10:00:00,"{'kw': {'score': 0.5, 'count': 1}}",0.0
486,N/A,N/A,N/A,TestWindow,1.0,N/A,silence,idle,0.998735249042511,2025-10-02 10:00:00,"{'kw': {'score': 0.5, 'count': 1}}",0.0
487,N/A,N/A,N/A,TestWindow,5.0,N/A,silence,passive,0.9858450889587402,2025-10-02 10:00:00,"{'kw': {'score': 0.5, 'count': 1}}",0.0
488,N/A,N/A,N/A,TestWindow,10.0,N/A,silence,passive,0.9845332503318787,2025-10-02 10:00:00,"{'kw': {'score': 0.5, 'count': 1}}",0.0
489,N/A,N/A,N/A,TestWindow,100.0,N/A,silence,passive,0.9786438345909119,2025-10-02 10:00:00,"{'kw': {'score': 0.5, 'count': 1}}",0.0
490,N/A,N/A,N/A,TestWindow,0.0,N/A,silence,idle,0.9988242983818054,2025-10-02 10:00:00,"{'kw': {'score': 0.5, 'count': 1}}",25.0
491,N/A,N/A,N/A,TestWindow,1.0,N/A,silence,idle,0.998735249042511,2025-10-02 10:00:00,"{'kw': {'score': 0.5, 'count': 1}}",25.0
492,N/A,N/A,N/A,TestWindow,5.0,N/A,silence,passive,0.9858450889587402,2025-10-02 10:00:00,"{'kw': {'score': 0.5, 'count': 1}}",25.0
493,N/A,N/A,N/A,TestWindow,10.0,N/A,silence,passive,0.9845332503318787,2025-10-02 10:00:00,"{'kw': {'score': 0.5, 'count': 1}}",25.0
494,N/A,N/A,N/A,TestWindow,100.0,N/A,silence,passive,0.9786438345909119,2025-10-02 10:00:00,"{'kw': {'score': 0.5, 'count': 1}}",25.0
495,N/A,N/A,N/A,TestWindow,0.0,N/A,silence,idle,0.9988242983818054,2025-10-02 10:00:00,"{'kw': {'score': 0.5, 'count': 1}}",50.0
496,N/A,N/A,N/A,TestWindow,1.0,N/A,silence,idle,0.998735249042511,2025-10-02 10:00:00,"{'kw': {'score': 0.5, 'count': 1}}",50.0
497,N/A,N/A,N/A,TestWindow,5.0,N/A,silence,passive,0.9858450889587402,2025-10-02 10:00:00,"{'kw': {'score': 0.5, 'count': 1}}",50.0
498,N/A,N/A,N/A,TestWindow,10.0,N/A,silence,passive,0.9845332503318787,2025-10-02 10:00:00,"{'kw': {'score': 0.5, 'count': 1}}",50.0
499,N/A,N/A,N/A,TestWindow,100.0,N/A,silence,passive,0.9786438345909119,2025-10-02 10:00:00,"{'kw': {'score': 0.5, 'count': 1}}",50.0
500,N/A,N/A,N/A,TestWindow,0.0,N/A,silence,idle,0.9988242983818054,2025-10-02 10:00:00,"{'kw': {'score': 0.5, 'count': 1}}",75.0
501,N/A,N/A,N/A,TestWindow,1.0,N/A,silence,idle,0.998735249042511,2025-10-02 10:00:00,"{'kw': {'score': 0.5, 'count': 1}}",75.0
502,N/A,N/A,N/A,TestWindow,5.0,N/A,silence,passive,0.9858450889587402,2025-10-02 10:00:00,"{'kw': {'score': 0.5, 'count': 1}}",75.0
503,N/A,N/A,N/A,TestWindow,10.0,N/A,silence,passive,0.9845332503318787,2025-10-02 10:00:00,"{'kw': {'score': 0.5, 'count': 1}}",75.0
504,N/A,N/A,N/A,TestWindow,100.0,N/A,silence,passive,0.9786438345909119,2025-10-02 10:00:00,"{'kw': {'score': 0.5, 'count': 1}}",75.0
505,N/A,N/A,N/A,TestWindow,0.0,N/A,silence,idle,0.9988242983818054,2025-10-02 10:00:00,"{'kw': {'score': 0.5, 'count': 1}}",100.0
506,N/A,N/A,N/A,TestWindow,1.0,N/A,silence,idle,0.998735249042511,2025-10-02 10:00:00,"{'kw': {'score': 0.5, 'count': 1}}",100.0
507,N/A,N/A,N/A,TestWindow,5.0,N/A,silence,passive,0.9858450889587402,2025-10-02 10:00:00,"{'kw': {'score': 0.5, 'count': 1}}",100.0
508,N/A,N/A,N/A,TestWindow,10.0,N/A,silence,passive,0.9845332503318787,2025-10-02 10:00:00,"{'kw': {'score': 0.5, 'count': 1}}",100.0
509,N/A,N/A,N/A,TestWindow,100.0,N/A,silence,passive,0.9786438345909119,2025-10-02 10:00:00,"{'kw': {'score': 0.5, 'count': 1}}",100.0
510,N/A,N/A,N/A,TestWindow,0.0,N/A,unknown,idle,0.9988242983818054,2025-10-02 10:00:00,"{'kw': {'score': 0.5, 'count': 1}}",0.0
511,N/A,N/A,N/A,TestWindow,1.0,N/A,unknown,idle,0.998735249042511,2025-10-02 10:00:00,"{'kw': {'score': 0.5, 'count': 1}}",0.0
512,N/A,N/A,N/A,TestWindow,5.0,N/A,unknown,passive,0.9858450889587402,2025-10-02 10:00:00,"{'kw': {'score': 0.5, 'count': 1}}",0.0
513,N/A,N/A,N/A,TestWindow,10.0,N/A,unknown,passive,0.9845332503318787,2025-10-02 10:00:00,"{'kw': {'score': 0.5, 'count': 1}}",0.0
514,N/A,N/A,N/A,TestWindow,100.0,N/A,unknown,passive,0.9786438345909119,2025-10-02 10:00:00,"{'kw': {'score': 0.5, 'count': 1}}",0.0
515,N/A,N/A,N/A,TestWindow,0.0,N/A,unknown,idle,0.9988242983818054,2025-10-02 10:00:00,"{'kw': {'score': 0.5, 'count': 1}}",25.0
516,N/A,N/A,N/A,TestWindow,1.0,N/A,unknown,idle,0.998735249042511,2025-10-02 10:00:00,"{'kw': {'score': 0.5, 'count': 1}}",25.0
517,N/A,N/A,N/A,TestWindow,5.0,N/A,unknown,passive,0.9858450889587402,2025-10-02 10:00:00,"{'kw': {'score': 0.5, 'count': 1}}",25.0
518,N/A,N/A,N/A,TestWindow,10.0,N/A,unknown,passive,0.9845332503318787,2025-10-02 10:00:00,"{'kw': {'score': 0.5, 'count': 1}}",25.0
519,N/A,N/A,N/A,TestWindow,100.0,N/A,unknown,passive,0.9786438345909119,2025-10-02 10:00:00,"{'kw': {'score': 0.5, 'count': 1}}",25.0
520,N/A,N/A,N/A,TestWindow,0.0,N/A,unknown,idle,0.9988242983818054,2025-10-02 10:00:00,"{'kw': {'score': 0.5, 'count': 1}}",50.0
521,N/A,N/A,N/A,TestWindow,1.0,N/A,unknown,idle,0.998735249042511,2025-10-02 10:00:00,"{'kw': {'score': 0.5, 'count': 1}}",50.0
522,N/A,N/A,N/A,TestWindow,5.0,N/A,unknown,passive,0.9858450889587402,2025-10-02 10:00:00,"{'kw': {'score': 0.5, 'count': 1}}",50.0
523,N/A,N/A,N/A,TestWindow,10.0,N/A,unknown,passive,0.9845332503318787,2025-10-02 10:00:00,"{'kw': {'score': 0.5, 'count': 1}}",50.0
524,N/A,N/A,N/A,TestWindow,100.0,N/A,unknown,passive,0.9786438345909119,2025-10-02 10:00:00,"{'kw': {'score': 0.5, 'count': 1}}",50.0
525,N/A,N/A,N/A,TestWindow,0.0,N/A,unknown,idle,0.9988242983818054,2025-10-02 10:00:00,"{'kw': {'score': 0.5, 'count': 1}}",75.0
526,N/A,N/A,N/A,TestWindow,1.0,N/A,unknown,idle,0.998735249042511,2025-10-02 10:00:00,"{'kw': {'score': 0.5, 'count': 1}}",75.0
527,N/A,N/A,N/A,TestWindow,5.0,N/A,unknown,passive,0.9858450889587402,2025-10-02 10:00:00,"{'kw': {'score': 0.5, 'count': 1}}",75.0
528,N/A,N/A,N/A,TestWindow,10.0,N/A,unknown,passive,0.9845332503318787,2025-10-02 10:00:00,"{'kw': {'score': 0.5, 'count': 1}}",75.0
529,N/A,N/A,N/A,TestWindow,100.0,N/A,unknown,passive,0.9786438345909119,2025-10-02 10:00:00,"{'kw': {'score': 0.5, 'count': 1}}",75.0
530,N/A,N/A,N/A,TestWindow,0.0,N/A,unknown,idle,0.9988242983818054,2025-10-02 10:00:00,"{'kw': {'score': 0.5, 'count': 1}}",100.0
531,N/A,N/A,N/A,TestWindow,1.0,N/A,unknown,idle,0.998735249042511,2025-10-02 10:00:00,"{'kw': {'score': 0.5, 'count': 1}}",100.0
532,N/A,N/A,N/A,TestWindow,5.0,N/A,unknown,passive,0.9858450889587402,2025-10-02 10:00:00,"{'kw': {'score': 0.5, 'count': 1}}",100.0
533,N/A,N/A,N/A,TestWindow,10.0,N/A,unknown,passive,0.9845332503318787,2025-10-02 10:00:00,"{'kw': {'score': 0.5, 'count': 1}}",100.0
534,N/A,N/A,N/A,TestWindow,100.0,N/A,unknown,passive,0.9786438345909119,2025-10-02 10:00:00,"{'kw': {'score': 0.5, 'count': 1}}",100.0
535,N/A,N/A,N/A,tracker.py - FKT - Visual Studio Code,0.0,N/A,silence,idle,0.9999731779098511,2025-10-02 08:17:04,{},0.0
536,2025-10-02 08:17:06,2025-10-02 08:17:06,Visual Studio Code,tracker.py - FKT - Visual Studio Code,0.0,0,silence,idle,0.9999731779098511,2025-10-02 08:17:06,{},0.0
537,N/A,N/A,N/A,tracker.py - FKT - Visual Studio Code,2.0,N/A,speech,passive,0.9769832491874695,2025-10-02 08:17:16,{},0.0
538,2025-10-02 08:17:18,2025-10-02 08:17:18,JavaDump,JavaDump,16.0,0,speech,passive,0.9827839136123657,2025-10-02 08:17:18,{},0.0
539,N/A,N/A,N/A,Multi-Modal Data Logging - Google Chrome,2.0,N/A,speech,passive,0.5480671525001526,2025-10-02 08:17:23,"{""chats"": {""score"": 0.6164999999999999, ""count"": 2}, ""library"": {""score"": 0.5165, ""count"": 1}, ""chat"": {""score"": 0.509, ""count"": 1}, ""search"": {""score"": 0.509, ""count"": 1}, ""maki"": {""score"": 0.4888, ""count"": 0}, ""new"": {""score"": 0.4501, ""count"": 1}, ""projects"": {""score"": 0.45, ""count"": 1}, ""oci"": {""score"": 0.43589999999999995, ""count"": 2}, ""physics"": {""score"": 0.4346, ""count"": 1}, ""chemistry"": {""score"": 0.4346, ""count"": 1}, ""thegame"": {""score"": 0.4239, ""count"": 1}, ""debugging"": {""score"": 0.4239, ""count"": 1}, ""common"": {""score"": 0.3875, ""count"": 1}, ""biology"": {""score"": 0.377, ""count"": 1}, ""logging"": {""score"": 0.3761, ""count"": 1}}",0.0
